x1,x2,x3,x4,x5,x6,y
0.2926349278872777,-0.7180833378157724,0.4283951867745902,-1.0,0.4856641324492139,0.2393993525420598,-0.23296239708872324
-0.3067084644892224,-0.36702535588522267,0.2523051018391848,-1.0,-1.0,-0.8495824986338594,3.6260727237976194
-0.36863279226456,-1.0,-0.7491604757159139,-0.6806707208964654,0.6763898956534478,0.6792308821821877,-1.2723611308575238
1.0,0.6826992634761733,0.06764023020759669,0.6512272241510042,-0.004805064909585655,-0.5167110019353145,1.4363358488493705
0.0571526030675904,-1.0,0.877324921248146,-1.0,0.33818663839154217,0.09633700390376437,0.02997706780169087
0.05237851744682165,0.7751984930241815,1.0,1.0,0.4603281694298786,-0.10581888805973899,-2.9196793032888753
0.5665386831024517,-0.16775408168337846,-1.0,0.8426835327909308,-0.3311074614389273,-1.0,2.8036717905637043
-1.0,-0.5114334610014806,-1.0,-0.7274628355277667,-0.08117863353082766,-0.5470071012020983,-0.2142286305221761
-0.3503568532218626,-1.0,-0.596370774960245,-0.5823975178472978,-1.0,-0.418365938139259,1.356746345068272
0.0347719794477874,-1.0,-0.18103419983279456,0.6163617425085006,1.0,1.0,2.676788269201904
0.469692872010848,-0.9598505165442811,-0.0627141059893026,0.7351770856171777,0.6879606810426394,1.0,2.4634613476109606
-1.0,-0.6484787421481315,-1.0,-0.10246826024892508,0.48253858455645626,0.5567973987877186,0.3379965486146036
1.0,0.08919173525392077,-0.3649417489895541,1.0,-1.0,0.4097727690356804,3.156746703442252
-1.0,-0.5434184782775782,-0.15870178263909085,-0.36116534916708365,-0.8494330700368751,-0.1943513748217287,-0.984913085336651
-0.5066759306936307,-0.24408125053032603,0.91890293442726,0.22433611004963142,-1.0,-1.0,-0.779631131935833
-1.0,-1.0,-1.0,-0.02488464821041858,-0.3978034244789327,-0.584700647798084,-2.19310913207946
-0.7998235066881412,-0.6115803359597068,1.0,-0.17354149962825632,-0.5894371561634768,-0.6316997379360221,1.602510224911968
1.0,-0.3715687473907854,-0.20989399598635566,0.20577491384509844,1.0,1.0,-0.5661160403202311
-0.09212292288703883,0.009760632198884067,-0.9117394212112206,0.002208088876348935,1.0,1.0,6.38922249274827
-0.867049368656924,-0.5679562583389886,1.0,-0.5269273574048006,-0.13630886216949012,0.5670869374249402,-2.654377395150709
0.7896026617054628,-1.0,-0.424626132308186,0.6418047318428747,0.04237263707931463,-0.48038644336249314,-0.335002069441785
-0.21686407359051008,-1.0,-0.8245504172646714,-1.0,-1.0,-0.23478884010778622,2.2945174055810402
0.5166878864565286,1.0,0.8454902105249151,0.46387091740167075,0.06278628915126916,0.9884509529889589,-2.0729450722657567
-0.5355644180926222,-0.10295998178580335,-0.7112955215052132,-1.0,-1.0,-0.5620622779383175,-0.6212643456477859
-1.0,-0.06956968311996636,-0.0922174169076907,-0.4613226660624318,-0.8187466099338053,0.3981936496463395,-2.9910621573653455
-0.37649757545853957,-1.0,-1.0,-0.23142114620676585,-0.302052858031462,0.6743662874633836,-0.7963967875543891
-0.14211489380497944,-0.467348836073412,0.9334690138748327,-0.7757861762261788,0.1640354299464445,0.3955691551967775,-1.051117618929482
-0.3093918764361737,0.06374102647583524,0.6486550814713502,1.0,0.3734298020963077,-0.7063813110804065,1.7092496443488252
-1.0,0.4598574879417624,-1.0,-0.4797716726629294,0.4201557571550869,-0.5325917020126396,1.0578844683091349
-1.0,-1.0,-0.4593236042099178,-1.0,0.1812752252675067,0.35513712848023904,-3.6052887599195036
-0.44484758722765166,-0.12877728734400345,1.0,1.0,0.3621515857017057,1.0,-2.0980413001343856
1.0,0.02760999002309439,-1.0,1.0,-0.7574224220324038,-1.0,5.140001415956096
-1.0,-1.0,-0.9386528016286857,-0.9622785986638124,-0.6959612985711885,-1.0,3.1478429918804127
0.7354221457637333,0.24184366784986522,1.0,0.9533300002489953,1.0,-1.0,-3.2284500378804495
0.4233194683064926,0.5230640729265825,0.409437593913696,0.7286190571479363,-1.0,0.9184285168919255,3.465722832059982
1.0,0.9633611987419284,0.47582329565807613,1.0,1.0,-1.0,-0.14035806588706246
-0.8492592700524961,0.8318658869426508,0.8112044205729338,0.5732671848020137,0.5114696460777122,-0.9790758474597404,0.7409593029831233
-0.9283775857612946,0.7428966943763925,-1.0,-1.0,-0.11634127357307111,-1.0,3.4822421298212536
0.8318323056090863,0.5736144165422168,1.0,-0.7048140862490678,0.18386768339727785,0.4177370737993372,-0.16530162432812
-1.0,-0.320384149573669,-0.6862269662070037,-1.0,-0.106034523098264,-1.0,3.915495777613742
0.7253200286963473,0.09765953012391897,-0.012062469820498356,0.5756441209530276,0.22935418380513736,-1.0,4.0367191087419405
-0.34528545194754834,0.26552498293071447,1.0,1.0,0.09122654186535784,0.4642938725433108,-2.046392101719141
1.0,1.0,0.8995124091648581,1.0,-0.16961613880649995,0.50566422207193,-2.446957183531337
-0.5348044525056239,-0.44664087161881916,-0.9623620762371543,-1.0,0.6261245896112733,-0.629199469279357,-0.06880424291075549
1.0,1.0,0.7543104333516619,1.0,0.5405073807556403,0.6368910384033348,-5.540190361847551
-1.0,0.7460763928379178,1.0,-0.6125508230919319,-1.0,-1.0,-4.879423272533743
-1.0,-0.2143893536073853,-1.0,-0.21305700474539946,0.2770567974842715,-0.6406705360207154,0.8997549743986804
-1.0,-0.7749288523461038,-1.0,-0.7082419643510462,0.3759424736995085,0.323180613125268,-3.7447339423240544
1.0,1.0,1.0,1.0,-1.0,-0.19411072087206804,5.335317583109974
-0.47739974709572275,-1.0,-1.0,-1.0,0.5778061246557894,1.0,-1.2739672415420507
0.5212052120885381,-1.0,-0.01857270137549713,-0.8538328993530074,-1.0,-0.6970291492731306,9.908856757466195
0.38947804969103184,0.037194711723548934,-0.9927399588682151,-0.2763134036195259,-1.0,-1.0,2.7009017212368316
-1.0,0.5659504947538672,-0.49530089891222634,0.2299888915002224,0.9350303995020726,-0.17507287170918917,2.0431201008830397
1.0,-0.21526581453448757,-0.6892779705235494,-0.7849145806148005,0.5032751384829577,1.0,0.37395671309185696
0.44102757012900695,1.0,0.8847992158662219,0.9355758142413084,1.0,0.3319647191464843,-7.206878805062937
-0.03462025418061965,-0.9914087727051624,0.2378036034297467,-1.0,0.024517115503939424,0.0012421816138664943,0.5078109565454951
0.938350117191156,0.25723147300642935,0.47943130436145953,0.7439241839141727,0.8331159326365688,0.31009810476051936,-2.8793290496740607
-0.23068133531833646,-0.5219970827698407,-0.29922300489802933,-0.4638695310745045,-0.13365684126632105,-0.6601938528156808,1.0244238795635168
0.06795849846656055,-0.11877013598963707,0.22529269913507724,0.5529059820209341,1.0,1.0,3.873772930603561
1.0,0.4281212331038198,-0.48982681966683705,1.0,0.473521281752484,0.7949607142057766,-0.39249222078454815
0.024951597083949673,-0.5459782018497883,0.7745520580601886,0.10470689834403735,-0.3186815631666822,1.0,0.7454096352558053
0.9355716696865344,1.0,1.0,0.1279925969604221,-0.16901392119171343,-1.0,1.941064754516986
0.7052539027136948,1.0,1.0,1.0,-0.444315649480314,-0.8844360695538358,1.7222898520368533
-0.7778843097732193,0.2273350924964787,-0.986279696022868,-0.7360814960067887,-1.0,-1.0,0.405591210275334
-1.0,-0.3408343366797508,-1.0,-0.8974709028439161,0.09254338490572556,-0.5030543677927931,-0.939878121236501
-0.42901851888545445,0.9872140110497509,0.9719342229407439,0.5704424291195792,-0.33131103052742095,-1.0,-0.36201996891589383
-0.4509209081790273,-0.8325126480430329,-0.6482478149418629,0.826246394151469,0.7156303718503492,0.35797808807589104,0.01942962453796615
0.5238249928226737,0.5335405396261854,0.2901741160972784,0.18043038040632298,-0.08010639220886273,0.009456223499699934,-0.5864703951606837
-0.5555894088248421,0.49942035597423173,0.4324089196351705,-0.7062189162501278,1.0,-0.3086247936642073,2.26038788512096
0.39124218274461925,-1.0,-1.0,-1.0,-1.0,0.8763826418146613,7.575889165246385
-0.34541987694441284,-0.02190843558554426,0.9675015617745661,0.8350486194197454,1.0,0.49864932749148994,-1.5720862647449894
-0.4130597920627289,-0.47606464778312274,-0.7997716064216851,-1.0,-0.6014344852947611,0.42711830105277504,-0.6752766508280508
-0.04828148327226667,-0.5909737856545774,-1.0,-0.909431424344807,1.0,-0.5716843134027794,-0.5216839967054125
-0.11392258927212628,-0.6096858422376764,1.0,0.40033216458036136,0.20159165329586237,0.867646107672145,0.22709825649346427
-0.5152342983330112,0.5804643803073275,1.0,1.0,-0.6246447665824846,0.495441182907555,-3.5894771314957143
0.5191070819890223,-1.0,-0.1205435471193016,-0.7908257384442462,-0.5973443073810585,0.7891269253415578,3.3503647309408513
-0.011095802787182474,0.2885263824561388,0.022920160383766763,-0.2413579706165463,-0.9717280349686638,0.797447563078875,2.925405353920485
1.0,-0.24506164175392534,-0.9603019737210311,0.9217960642598622,0.47919656264213933,-0.14578940275108165,-2.423895017904546
0.24107151037331745,-0.6487225808788237,-0.3557956569676511,0.7351988232689372,1.0,0.1660310382935548,-0.5229134986412487
-0.5444870482816861,-1.0,-0.042856186077217195,-1.0,-0.7151750720959211,0.12358433922572504,1.3991581994365447
0.5577227513659693,-0.0007324006560382457,0.8099033740998651,-0.5530904755015873,-0.6635829471794752,0.38783326205694757,-0.3410036412552061
-1.0,-1.0,-0.7935593669029259,-1.0,1.0,0.42672642719842835,-4.917507744327166
1.0,0.35887308890253533,-0.8763258467163447,0.8241077159681287,0.6633163158040758,0.018326688721520545,-1.8181976346672346
1.0,1.0,0.8554187607113288,1.0,-0.7633179246273591,-0.7499300013025378,7.03999047087322
0.17839888205439103,-1.0,-1.0,-0.7057503793330158,1.0,1.0,-1.3157739888031226
-0.5936329958914003,-0.18543107075991827,-0.30348625477794977,0.06852925557051723,0.08904876208480594,0.6796979724336207,0.9078125218957894
0.8476736348011595,1.0,0.11381500567209657,0.9808046340335097,1.0,0.033081629145947256,-2.0110970787141365
-0.26598334083211683,-1.0,-1.0,0.09701770744378985,-0.9249726145421261,1.0,3.36498219758064
-1.0,-0.3970576602383049,-0.23865078470703693,-0.08460281288667049,-0.4784239862623546,-0.5083810760901902,-0.7071979581614887
0.28836374608779236,0.9025726093437341,1.0,0.11421058410487106,1.0,0.14924903778221332,-2.412946618238964
-0.19263676242109895,-0.25131021821778465,-0.9613270228904696,-0.08429935899118995,0.8215317220750669,0.0928681283434386,-0.5669455609395814
-0.6966523259192519,-1.0,-0.032906733396670385,-0.6185629935316259,0.26672425290130475,0.4063781966152191,-1.0057139075433907
-0.5533885474665738,0.5941068885258594,-1.0,0.8416264570849299,-1.0,-1.0,3.4741267156698665
-0.07208033596612484,-0.7572319927424804,-1.0,-0.8153822195709708,0.7393551239195231,0.9517792445390025,1.1231949458858201
0.5250702819125578,-0.4111750731038629,0.1475659291832416,0.5189576689104967,0.5176675918333917,-0.0528182875101762,-0.38308511427441
-0.9406208329492918,-1.0,-0.4439064117424508,-1.0,-1.0,-0.19995014588309834,1.4205203882136324
-0.7409754226807423,-0.7736545959239848,-1.0,-0.105399345112972,-1.0,0.5379152979144632,-1.2485455303127908
0.289920216582441,0.6601311865339334,0.8317380073025998,0.6126599260952129,0.9354661053519218,0.26535409212866834,-3.078013865632273
-0.011777064303923002,-0.8579383347979685,-1.0,-1.0,0.7588874983117567,0.9545970632922826,0.7352126966224919
-0.40210221147071934,1.0,-0.779353325070324,-0.15555226274819273,1.0,1.0,12.414705856238301
0.1477811520736373,-1.0,-0.1239474873222195,0.22260613133329882,-1.0,-0.5314982920934316,2.4636875761319086
-1.0,-0.6929002404496103,-0.3441292235507506,-0.2019818201082233,-1.0,-0.06304230924784338,-2.2427267599634595
-0.15184444563966748,-1.0,0.28249500402837924,-0.5302374684417965,-1.0,-0.3120090288270165,3.9623550277988726
-0.42613138409560236,-0.14509827832160327,-0.4774956506470132,-0.3284943989563946,0.5342925278183217,0.584731635681675,2.5972271331612684
0.06581363061434597,-0.13250534376487588,-0.4334677607952694,-0.5520056986014821,-0.9430998596796314,-0.7874537286025213,1.3247529904219497
1.0,1.0,1.0,0.9661391776328081,0.437484193972683,1.0,-7.266032437231049
-0.6994615304087921,0.2822551093355332,-1.0,0.48625755597793124,-1.0,-1.0,2.0875476366686994
1.0,0.4516293897961354,-0.623458164815174,-0.3321655127973715,0.8252989374646563,1.0,0.9987216199747166
1.0,1.0,1.0,0.6399035929399544,-1.0,-0.40665624130685063,3.3568664690213117
0.1259151548917744,0.9449049362613409,0.5639876669975182,0.39210914315614664,1.0,-0.08461538735668217,-1.967961093015045
0.948893244261125,0.9986719333603955,1.0,0.7040194739889728,-0.6044052369477769,-0.7059487720672812,3.417941870905361
1.0,1.0,0.35756988249964083,1.0,-0.5446912763464297,-0.06747560250203366,3.710304664852504
-0.8077597673597537,-1.0,-0.04700054012211691,-1.0,-1.0,-0.48980714803292225,5.0055766664854815
0.013891846362131699,0.5620856302038357,-1.0,-0.29477594231937715,0.22943375748958728,1.0,8.353153301264788
-1.0,-0.7294461982034702,-0.3319023502237608,0.24276321080541902,-0.6127281574438812,-1.0,1.4745609219629472
0.09671476960395842,1.0,-0.2399621417573265,0.23365508656943368,-1.0,0.3814282506541357,2.0216489162273676
1.0,0.8337281120746652,1.0,0.7889731833899036,0.45073838700108326,-0.42179520541472226,-2.528553743950258
0.9492506980863977,0.10544450585958967,1.0,0.7717804181083165,-0.7410199852645492,1.0,0.8325505509636082
-0.14279353212005602,-0.12737654919146357,-0.9872793929421937,0.10154478969719555,-0.23512497763759954,-0.6795157475268777,0.9235814836923938
1.0,0.4014058853886895,0.48943416477688606,0.09421982782489469,-1.0,-1.0,7.2953434602386045
1.0,-0.2626932103531969,0.055005093183957965,-1.0,-0.6657242951885842,-0.0067569040219129795,2.8563128338866246
0.23888137547493798,0.5388999583338625,0.9540317284714486,-0.8941358008220899,-1.0,-0.3416136888145246,0.8489054635260067
-0.9587436478291265,-1.0,-0.014711741381668864,-1.0,-1.0,0.5595679975765109,0.18734695131026066
-0.5420381002868981,-0.09969863018430292,-0.8886700250615099,-1.0,-0.28017003508556915,-0.27974098796397895,-1.6559817138532218
0.4621411359322663,-0.4689019489003875,0.5676367528604096,-0.07529895206889492,0.5548286766882938,0.44417016732008846,-0.9168749663083432
-0.2415875913544227,-1.0,-0.2988670426556033,-0.21434904352049994,-0.08293685896827796,-0.7748378431526461,1.5304545749183165
-1.0,-0.6349133141031256,-0.5512222760050864,-1.0,1.0,0.6997707924831589,1.9225628507214998
-1.0,-0.9308471734839883,-0.36334331052209423,-0.6152653247839981,-0.009395249716752097,-0.641938961838955,2.025573676424225
-0.1479288135656917,1.0,0.3284904763763786,0.748481542785886,-1.0,-0.5238552777391591,0.9446731804947393
0.4616188949006814,0.5890923361724749,-0.6538528106795367,0.817643128310044,-0.1805075267310071,-0.38110896702343366,-0.30279589123984096
-0.06194560018234607,1.0,0.5707578073286907,0.2090163648641754,-1.0,-0.531195842315814,-2.2264400039453554
-0.4709334715752805,-0.3048621779744324,1.0,-0.22649838687074664,-0.7784093519419162,-1.0,0.411650586542029
-1.0,-0.8121884306762917,-1.0,0.04555901998332884,0.33936491569124916,0.6687446341155076,0.18364988970562734
-0.9700832282202637,-0.04195382579570489,0.3543641996577642,-0.8409734456362323,-1.0,-1.0,-0.8081660659388497
-0.028150336794680597,0.40865587311413676,-1.0,0.1566191530323114,-0.03894134036209762,-0.17273149099230434,-0.6102049559203174
-0.5398612775380708,0.6341206196220479,-0.7016898910436233,-0.19856703232737277,-1.0,-0.9842889233530461,-1.0243090608980472
-0.9673187705382815,-1.0,0.5645136534015719,0.8605172334668582,1.0,0.7305253929930466,0.7556723674008418
-0.300561272425655,-0.9444040314595539,1.0,-1.0,1.0,1.0,-3.655027425833265
1.0,0.9572201929014665,-0.19542376362233285,0.7782436039620472,0.8514575182814266,-0.9599037139786898,0.9245082024434369
0.16911228994578842,0.4511202308770588,0.9234362322193199,0.622283259149595,0.07960468515255045,0.15711886735226327,-0.7536657714796383
0.011113288712269742,-1.0,-0.3548623322493576,0.6594268400296557,1.0,1.0,2.803541083654948
0.6996505265566034,-0.024853272828225137,0.8039783887317039,0.19195642173274885,-1.0,-0.510622198571135,3.793492258789607
-0.7686015012195605,0.7257592603517811,-0.49163767256496665,0.039480456652117524,-0.159344984906456,-0.6359220326673227,0.5726841821724498
-1.0,-0.0075708252341555315,-1.0,-1.0,-0.6593777663766398,-0.7328917050523467,-0.19962432577152983
0.9780431038718193,0.8359422383665047,-0.10728603229236633,0.11396463361782777,0.5976723837834855,0.8077630723476834,1.2201681663763637
-1.0,-0.17083198732458516,-0.07588025124201414,-1.0,-0.7640783131491145,-1.0,1.2577787144700558
1.0,0.7187102064125335,0.4392517026815117,0.7647948340036093,-1.0,1.0,6.810977649121559
-0.3574315586893725,-0.9968428921082703,-1.0,0.5970667722480147,-1.0,-0.5559769030520799,-4.162666092678376
-0.031449863438141545,-0.18295968863273088,-0.06583136369686123,0.10110835552639708,1.0,0.12041596803680576,-0.8825060817028867
-0.23284559299486096,-0.4532047498846552,-0.09921330109620125,-1.0,-0.889502495166988,-0.2646642958256751,2.2980151474813657
1.0,1.0,0.6997543063346112,0.44123464682507163,0.38663789076449573,0.39374847540737523,-3.815019115491645
0.7081718128522441,1.0,1.0,1.0,-0.42549505047742825,1.0,-2.6120615155750766
0.48840209663197787,0.46609336693344083,-0.19128761270810463,1.0,-0.2851854294244015,-1.0,4.408427762047485
-0.36194154054282546,-1.0,-0.26152551809334823,-1.0,-0.6506592128929989,-1.0,6.201896118559895
0.12680471193991105,-1.0,-1.0,-0.02192620367412601,0.3655059890741308,0.8366137405654945,1.0462456541716412
-1.0,-1.0,-1.0,0.4464589170270159,-0.46434920730368323,-0.3745207752140285,-4.732706035968091
-1.0,-0.9706288253222306,-1.0,0.22126497907456844,1.0,0.04903988985722635,-4.02118799714048
0.4828127179516255,0.43869734595902465,0.946243377138839,1.0,-1.0,-0.11345910841328644,1.124479382234881
0.5985590543691504,0.4762161023830954,-1.0,-0.885029013448699,0.5197189666556605,0.16079655186809638,-0.6962818760984211
0.8764552609095966,1.0,1.0,-0.017925431372754375,0.28826201908259386,1.0,-4.3039628184877845
-0.25408247873509504,0.7451490174945451,-1.0,0.6159848342955484,1.0,1.0,9.988678985021592
1.0,1.0,1.0,1.0,-0.36727530871750946,-0.912883562574558,3.8236075928930777
-1.0,-0.6538535158350566,-1.0,0.4568157737311672,-1.0,-0.19663663017135513,-5.100884650308362
-0.5703041428178175,-0.526515159219658,-1.0,-1.0,-0.016975700904954927,0.0696527503167659,-3.3819950969665733
-1.0,-0.4666490953646679,0.18954723267771767,0.32211100034439666,-0.07263347142269377,1.0,0.4658364388643031
-1.0,-1.0,-0.7365914610349806,-0.9263625446314112,-0.3009055102726552,-0.3436776931406333,-3.082520022438482
-0.20147890663218915,-0.867723507252723,-1.0,0.11320470283341705,-0.26745890296087116,1.0,4.486698625799944
0.7054162165255082,0.7689893785025963,1.0,0.700691465110888,-1.0,-1.0,5.063945805029253
-1.0,-0.7387524599913464,-0.49914739846901135,-0.30870937949841215,0.6364407758768114,-0.263902408737831,0.6994764038954951
-1.0,0.9710609911220056,-0.014424053497196984,0.027646801672980337,1.0,1.0,7.859607316710923
-1.0,-0.4051834935662968,-1.0,-1.0,1.0,-0.7480420482187717,3.3533425485623938
-0.7874179092097037,-0.9064243842879505,-1.0,-0.3615557196106245,0.5181992095705634,0.8316794723540534,0.7649255150604891
0.9709054069990409,-1.0,-1.0,-0.16388346191440828,0.41234627882040975,0.0888382345320834,-2.628585549356299
-1.0,-0.9551717028691575,-0.9529686546584373,-1.0,-1.0,-0.7010357342527918,0.8133541899933922
-1.0,-0.17354753245875987,-0.8049474768594727,-1.0,1.0,0.24371558452839737,0.8503568833856686
-1.0,-1.0,-0.22821015394429905,-1.0,0.2705391263064837,-1.0,5.329633088783772
0.802102037117179,0.05240932704802123,-0.2487891265403699,0.9590501494100308,-0.6632715192104357,-1.0,6.649581701773498
-0.33474694522479664,0.27595321115185356,0.9027553726965121,1.0,-1.0,-1.0,0.9447934951125915
-1.0,0.7204079345583108,0.01740077163643916,-0.4503377939253299,0.9547855841697038,0.25332780780431874,3.3039816251403353
1.0,0.7261303057639998,0.24512562138499538,-0.5245664883571208,1.0,0.7215673340855576,0.24350991296921853
1.0,0.6030524156171471,0.13422748430682474,0.4470743181769987,0.16435238055005896,0.7792263993873261,0.8325826453255663
-0.8205740001957746,0.574057097707725,1.0,0.6568591540398194,0.06652259448801168,0.7108059582916268,-2.5345315141928912
-0.45781208242887983,-0.36323153886518544,0.528213516722601,-1.0,-0.42267500710855554,0.5183774544185149,-1.515059168415461
0.4846067215459088,1.0,0.363012327697792,0.1420914306327311,-0.6882892252793972,-0.5667961113331932,-0.3501656486429573
1.0,0.2434493154924629,1.0,-0.09142416276306964,-0.7760323500126489,-0.16625096895114144,3.575192921364691
1.0,0.7585245092024478,1.0,0.057460563568893175,0.6362873873529326,0.670707902946135,-4.087848157109806
0.7148591375865928,0.2818383741327286,-0.5684687095452762,-1.0,-0.5888855537957947,-1.0,2.5765840777448252
1.0,-0.570331663788213,-1.0,0.14243740729439075,0.7618090557925754,0.777092595242435,-2.294934811010057
0.42175340577167164,0.8216731556216947,0.9242077118628395,0.17321758767705642,-0.40843527479954767,0.29479924584340844,-0.0070892522236387645
1.0,0.8412850364325124,1.0,1.0,-0.9909569925523755,1.0,1.7812977757979052
0.166587432623434,1.0,0.4882404661818529,-0.4261759956562511,-0.10633929675828424,-1.0,0.9619867627606717
0.9357603264172076,1.0,0.9497299653642901,0.5886467632676171,0.42124044851992365,-0.06679895529868451,-3.8262876929670573
-0.33116864595170964,-0.35082794746603935,-0.7161828410159341,-0.2219386952713872,0.5815350952433695,-1.0,3.307606247041737
-0.03566128174238048,1.0,0.9330253861586816,0.7257069889859634,-0.2438674390844705,-0.24931550842163253,-2.0042091781931575
0.17424155194262603,1.0,-0.11953914973469287,1.0,0.25952145418706807,1.0,3.250570740983157
0.9625195100979036,0.6993494394794011,0.5411531910829006,-1.0,0.6254054625056444,0.3186161709159289,-1.263264709194949
0.3344255598248971,0.5982773229349299,1.0,0.8520260242723718,-0.22558229636347682,-0.7472400407884712,0.14184503224729406
0.9664385313727905,0.009162864611160115,1.0,1.0,0.33536398846367144,-0.3611496960614249,-1.9602013271172773
0.9619128701308873,1.0,0.046375819010815666,0.9704592566481651,-0.010272801295440837,1.0,2.479126743790575
-1.0,-0.7744192784336145,-0.0627819914977612,0.23362916256062063,-1.0,-1.0,-0.15272875595928842
1.0,0.15715855315310612,0.026388898379945402,1.0,-0.6778859256767779,-0.37029897122478594,2.778753172691088
0.2882554774708571,0.6063754748028266,-0.075018371204434,0.030248774986062044,0.36450788894365954,0.43796649491305945,-0.16069242465369005
0.26115151386767277,0.6623463937856526,1.0,1.0,-0.8282421480272122,-0.10060356121774983,-0.1719998946403986
-0.01904903724583351,0.41066436851454985,0.11795929240947506,-0.5855633074819194,-1.0,0.4931868814296574,2.298512658952413
-0.11950417830432869,-1.0,-1.0,-0.7500481828084875,-1.0,-1.0,2.958548768152691
0.055431055405835594,-0.5188651616287969,-0.24496724112243978,-0.3871002296242954,-0.2026375554968285,-0.3260729378674154,-0.6329097538535013
1.0,-0.8685766845877378,-0.3970278359257718,-1.0,-0.010661674050592596,-0.523538086556717,3.6647786347066154
-0.6482092822152676,-0.7992079459410215,-0.020515343239916772,-0.17699419417003082,0.20164602962417078,0.09301427303174536,0.33565032914850856
1.0,0.5816624981571538,1.0,0.349816176285853,1.0,0.9231967632517852,-6.463504241209646
1.0,0.6583044399507376,-0.38173619561054595,0.802024393443883,0.3050246418464122,0.03458801170510184,-0.04606704123327937
-0.031228409518537892,0.35959628761448625,0.3730848371667649,0.3785515421341108,0.9633793784427446,-0.6919027508826876,1.6841440699639376
-1.0,-0.9573064083786459,-1.0,-0.4564396061330954,1.0,0.20734487547589212,-6.23527470435313
1.0,1.0,1.0,1.0,1.0,0.04268373814116354,-8.157116246392002
0.9545792730349127,0.21188919238125958,0.37121617236486304,0.6704395041410316,0.11159113957610989,-0.6476409519802049,1.52582688892032
-0.8727159589346443,-0.7597758040824538,0.7497497118740055,-1.0,-0.018164454234209426,-0.894466538134646,4.498076490224369
-0.5620756140338896,-0.14678168177316953,-0.4983504401948309,-1.0,-1.0,0.5300816534184211,2.946412688771733
-0.505862802617735,1.0,0.19646338218132733,0.004367904691767621,0.31567441891001774,-0.024041092791119434,0.18858105407358747
-0.262795684806551,-0.3285746104824744,-0.9284843951413612,-1.0,-1.0,-1.0,2.646538854943885
-0.040821753409921946,0.5305229483560784,0.6379627826153517,1.0,-0.542317331573805,0.946259524461506,0.3245407266685456
-1.0,-0.589423452118331,0.2329501460327101,-0.6787762375671701,0.6235142011278179,-1.0,7.667406793739713
1.0,1.0,-0.7271092787163576,0.21234365875566863,0.9585279574875797,1.0,2.2857601365725717
0.585936487522774,-0.03272214825775355,-0.059671111377587405,-0.47676410462204355,-1.0,0.33058565776168025,1.7093137284099071
-0.20355836002073396,-0.2066848183813721,0.1483667358575234,-0.09803046994527054,-0.8836809898313733,-0.7161649326701054,-0.0064736041949858825
-0.4411193611398493,-1.0,-0.23599899155501217,-0.42147813625403074,-1.0,-1.0,2.451003027446812
1.0,0.7742142583981706,-0.5423255718632762,1.0,-0.9924205913827869,0.8889946534444065,7.8684920163397045
0.30711551784997004,0.6554302620319987,0.1003416670306867,1.0,1.0,0.3903860623386114,-0.9652885786076286
0.7016066717880152,0.4460004108871778,0.5770133198434412,1.0,0.9243953230202797,1.0,0.1358531931836805
-1.0,-1.0,-1.0,-0.3698613284552866,-0.07024372406385526,1.0,1.4539443817984807
-0.16634007921961502,-0.11887463821705901,-1.0,-0.9147211802239028,1.0,-0.6949158775198488,1.5901652966879793
-1.0,0.013543747599572442,-0.008926329563764823,-0.39384341223473995,-1.0,-0.33210821580251326,-1.2636753760377983
-0.8490958831455102,-0.9969513362501319,-0.5477741856575926,-0.09064765043183132,-1.0,-1.0,0.11490737420939971
-0.20353341801201175,1.0,0.7609951254343452,0.47142817118877095,0.33749400639199534,-1.0,0.21822003561454645
-1.0,-0.48977932064049967,-0.17900423948332633,-0.3336365366415936,-0.9501810644911561,-0.9797113325744843,1.1081808228866938
-1.0,-1.0,0.4754479639113194,-1.0,1.0,1.0,0.7475228041388032
-0.28522400264330505,0.31513592235459187,-0.3100915024244999,-1.0,0.41597237662370473,1.0,3.8657180893388405
-1.0,-1.0,-1.0,-0.4498956655162826,0.7023357196841082,0.405390776000499,-3.8541105374995945
-1.0,-0.3701966102797303,-1.0,-0.14501465138169567,0.04160548268556086,-1.0,7.199457770272997
-0.8560025261404673,0.37421600215344936,-0.2960713913085912,-0.5964967914475101,-1.0,-1.0,-1.9560233474451116
0.9226183281299976,0.6874190486603947,1.0,-1.0,-0.42408992992282846,-1.0,1.6170462304599937
-0.9550826386358495,-1.0,-0.04604273381833737,-1.0,-1.0,-0.4980760956020956,3.4999191455190966
1.0,1.0,0.0189261177011264,1.0,0.9821560131612845,-1.0,0.26269511649313104
-1.0,-0.42459768738182935,-0.7011404351643538,0.20266187914306888,-1.0,-0.5941343865579689,-2.5538225429513655
-0.6833603809248947,1.0,-0.014151558704026679,-0.6393885453683723,-0.5292735494061966,0.17945346638773474,-0.38217542070826777
-0.8890665868921246,-1.0,-1.0,-0.40519152738587083,-0.346636778430765,0.026809537953933982,-4.551805615951861
-0.5811236733419984,-0.5369341911541434,1.0,1.0,0.07798893921081367,0.11069699227110597,-1.4220493346544778
0.41029872538466616,-0.1992959459567909,1.0,0.7089659243001424,-0.30561011766040613,0.7602895106347908,-1.4835209164432124
1.0,1.0,1.0,1.0,-1.0,0.7123658575185132,2.1421105746875027
-0.35905615689581083,-1.0,0.9373031518040906,0.7132474559398558,-1.0,-0.43867518804611505,1.6364556083441126
-0.9079856549259973,-0.003856162542438424,-1.0,-0.25563149334181734,1.0,0.9999116132780537,9.317350503776705
-0.9502651151419381,-0.3840407961545089,-0.8329065583458104,-1.0,-0.6272358153561478,0.22236852001217083,-1.7847378086687524
1.0,-0.019080509405476676,0.5960662287675185,0.9787303278396863,0.47616834851334,0.540700525747336,-0.8555838333422847
-1.0,-0.7206750616282348,-0.23600142964342785,-1.0,-0.8005181667560444,-0.8281737014845012,2.6569899639746413
0.10859334142438803,1.0,1.0,0.9507951769270773,-1.0,-0.6711766255413287,0.756519566963126
1.0,-0.37385736278030346,-1.0,0.24434299286644892,0.6046295606144291,1.0,1.1528923275794236
0.9545138368767632,0.36229408452716627,1.0,0.5133670478933423,-0.2340873842013096,0.7634353673876187,-0.20729486190553859
0.15692588266921115,0.572771962887742,-0.7082591012423831,0.8555209001862835,-0.06319167702237234,-0.9530662724869063,2.2115522716057097
0.49175118598650247,-0.875979341721566,-0.4073635567397737,1.0,1.0,1.0,3.148594558802435
-0.5377900754166789,-0.28736760076639817,-0.7015456514906077,-0.9645873499586389,-0.4967156138865675,-1.0,3.7249258700585965
0.5152284505020777,0.14391639245309107,1.0,1.0,0.19046051115497487,1.0,-3.1461358363062764
0.9717801405732716,-0.12499436067078418,-0.24069729356978675,0.41092912114389124,-0.44301119438782044,-0.9997400549864831,5.363232546360517
0.2500043388055961,0.2157778723544318,-0.05537980075205097,0.6373587059474851,-0.0010640171421653632,-1.0,2.3980929980179804
-0.09146607329493606,-0.2809496265281141,-0.9179224445702432,-0.25968825937806184,-0.0482332964984451,1.0,5.610024223773429
-0.20883972183423227,1.0,0.75977529136157,-0.049990696009760915,-1.0,-0.6911860822128318,-2.5926981199731367
-0.982422417475864,-0.3846603898468821,-0.7178939464412446,-0.47755981390032853,1.0,1.0,6.561966884168753
-0.765958588879325,-0.15075002953660455,-0.9855712069384001,-0.40288164961052875,-0.42866185666276413,0.2489400908748569,-0.6806082899354635
-1.0,-0.28634803707292233,-0.6722303785339167,-1.0,0.6661525486977478,-0.14832699415029005,0.7506775790401151
0.1820130991088037,-1.0,-1.0,-0.5733432967340613,-0.6091906766658606,1.0,3.937805559782509
0.30132441339450244,-0.921815828817646,0.2295992288206759,-1.0,-1.0,-0.03075478887031957,6.694279889282877
-1.0,-0.5987143769090115,-0.6428452703109151,0.027415989842512062,0.7968151288040366,0.6299811909036183,2.360915305895443
-0.9152260952801189,-0.008278931029221726,-0.5011067493377747,-0.2110546332353755,-1.0,-0.4820491983374999,-2.089678070623021
-0.8265400341603903,-0.7482450560355505,-0.11773314071331797,-1.0,-1.0,0.15807414916950924,2.057740811080178
0.7505852958132981,-1.0,-0.7926345758086167,-0.27663878155973187,0.9763473294168441,1.0,-2.6073874732080413
0.23238384254554856,-0.4068961510903282,-1.0,-0.2198339449378537,-0.26562622987564927,1.0,5.512326941869287
-0.37765576989437366,1.0,-0.9102440262600912,1.0,0.015527305701873051,0.1377193882703896,1.2965765225781554
-0.02945082772390889,0.45846001677677384,-1.0,0.47471656851963595,0.30553212057994616,-0.010449279489442853,-0.8029913555074446
-1.0,-0.6772617424903067,0.012739666280379258,-0.388782369413389,-0.18426471053496696,-1.0,2.955685965129555
-1.0,-0.12163215841386144,0.37090260035314343,-0.4718637493793786,0.09167973915449304,0.3763440696280347,-0.35053228597555497
-1.0,-1.0,-1.0,-1.0,1.0,0.678829468891603,-4.713612442497626
0.12157466100868142,-0.5019265547315037,0.2480769743493998,-1.0,0.2111564998835158,1.0,0.27643544271295933
-0.008571296542538409,0.16926372561030234,0.07269558367901435,-0.09156224759857973,-0.21885161668085365,-0.46791728896559137,0.9640251144090359
0.9258405012745643,-0.1783577075385348,0.9071549518681763,0.30862799448159584,-1.0,-0.9716701297036812,7.48085037204701
0.5588862680918921,0.081661618916953,1.0,1.0,-0.4880346499407687,-0.19024360192790468,-0.19739590373862437
0.19836693332685296,1.0,1.0,1.0,-0.3695934492184443,-0.6288245810118551,0.3154563513191705
1.0,0.12372775029588079,0.26898062042872506,0.19166088469488463,-0.5257432758052699,0.5308458299764862,0.8279440120228737
1.0,-0.060405454259606806,-0.044090221408506824,-0.26177342707730317,-0.7746349042558649,0.5991048999744726,3.093210517098667
-1.0,-0.26938926422856385,-0.04882596567178368,-1.0,-0.23275140364442629,-0.5691818107595233,1.1835789016450973
0.9669349701277785,0.8685369688870852,1.0,1.0,-0.8746546106337136,0.5607944683885749,2.2467068732853264
1.0,0.8149974836803598,-0.12840836743613443,-0.2843736348485201,-0.22911277487492143,1.0,4.8960883820895855
-0.6849109094592873,-1.0,-0.8427143113945739,-0.2450793655696864,-0.6137255071140142,-0.06454402825252403,-3.1966651759532634
-0.6234170124039229,0.5808981815395997,-0.3759379422169716,0.3408435485315314,-0.5063707882108792,0.7717404033555917,1.1061832542550454
0.9777324200472797,0.09170487381577552,0.9687875006602664,0.5181882646295721,-0.4457638954879396,-0.5355599841580893,3.753315203519329
-0.37590533078953836,0.6863078932603717,0.7916400407880164,-0.21361086525512785,-0.502566034839812,-0.25575966011231765,-1.8965133195524935
0.1871106015539432,1.0,1.0,1.0,1.0,0.8330928063038174,-6.375161214273702
-0.47492667485533446,0.6357235707580999,0.08442638182733725,-1.0,1.0,0.35992792831869536,3.859464452759366
-0.34913158732310495,0.999222299889924,1.0,-0.3836715641730624,1.0,0.5041953348646928,-1.464829811040218
-0.1637196581330702,-0.14468930042317263,-1.0,-0.3364216735035188,2.5730648685051705e-05,-1.0,4.459276046045768
1.0,1.0,-0.11579651803241353,0.639681165118518,0.4078854061277172,-0.500357388105164,1.0591346663010897
-0.7302714224784133,-0.6633955839820385,0.9042054181686972,0.3499398928371857,0.8610274071233945,0.035211722306500604,0.9261874930140861
0.7577682852588281,1.0,1.0,1.0,0.39445172902899417,-0.961980792209006,-2.546982692768076
0.5514879779091344,0.9972514549498139,-0.4325609473444062,-1.0,-0.6627215096942765,-1.0,3.2967971216489786
-0.4619572102801834,-0.8674085679002804,-0.5076294245829234,1.0,-1.0,-0.40311088990104604,-1.2053381735828965
0.5890798066293828,0.6185134517916301,-0.42615397902331553,-0.12371998881071844,-1.0,-0.29380774955210964,0.6534079996940487
-0.4772454289158041,-1.0,-1.0,-1.0,1.0,-0.057173784825246154,-5.492932936783784
0.9300877237648342,0.6248153757872841,1.0,-0.06991226756294966,-0.6248080226469035,-0.48025598883878146,2.4331691274707103
0.5331116861293032,0.2640085028021644,-0.2697004658288682,-0.21421704664498556,0.7650464639777108,0.2039930635345048,-0.5826093518246371
1.0,1.0,-0.378240801836189,-0.47553117209802237,0.5272355717895094,-1.0,0.7870600112188815
0.49054861591777543,1.0,-0.6089724687758227,-0.6330683885193155,0.8478347810705463,0.5549728913064894,4.031803731290426
0.09607594387355434,0.1708690319834043,0.23850004215696274,0.3705536173806445,0.4149132590122451,0.12466712518574646,-0.03906284990690202
-0.521960876812927,0.11385933226803634,-0.6005750375334021,0.8221796411544617,1.0,1.0,8.326005600714364
0.009118616824590253,0.13587555794791714,0.17052169850684162,0.18584074997702266,0.35055878458217926,1.0,2.5702051444234852
-0.42951266906063135,0.0733840183894851,-1.0,-0.05241380111184357,-1.0,-0.3414586477423047,-2.724364538070354
-0.6200484140126656,-0.3014535135373625,-1.0,-0.10742941429121272,0.18142192651525185,-0.353946884031616,-0.6858966900894787
0.12859568395991156,0.738787378761832,-0.4364052746876775,0.7878203081009008,-0.3800302699913388,-1.0,3.4819730201378185
1.0,0.8146100874150211,0.12850250478058367,0.8964144498369473,0.18980846394490802,0.8720554633723634,0.20270663560322566
0.42932189949923605,1.0,1.0,1.0,-0.8089440572744673,-0.11945511932060493,0.37879087799565103
0.9147896490845098,1.0,0.12095221011325963,0.15155656507867166,-1.0,-0.7927280905796883,4.019495191582177
0.8629059673308781,-0.5479988473856542,-0.6261244357603444,-0.7658479482062571,0.3947431261690422,0.6650591261865783,-1.6497751553860251
-0.43630346834537737,0.28377946105529017,0.17212391917619355,-0.790049016898243,1.0,-0.9404625085876153,4.689673918576822
-1.0,-1.0,-1.0,-1.0,-1.0,-0.1699116131853331,-1.9639726002178806
0.40441277359990924,0.09407244770470458,1.0,0.1216561157259588,1.0,1.0,-1.469734997350279
-0.2278984354338519,-0.5884321272454482,-1.0,-0.6765311755894416,-0.00617607964224387,1.0,3.7783647214992944
-0.9114131966822939,0.054857305589253946,1.0,-0.7466882503003487,1.0,1.0,-0.6362007728378987
-0.6149241906722691,-0.6059138174223371,0.5801080885088004,-0.4645269374652031,0.7798719730477487,1.0,1.7439035517171146
-1.0,-0.4284214321910411,-1.0,-1.0,1.0,-0.7720917010649208,2.7570112188164067
-0.47378669067219414,-1.0,-0.3633782018017553,-0.9851817895302843,1.0,-0.534562486509218,2.721537444551533
-0.6688706187902966,-1.0,0.523113505290192,-0.369386673124451,-0.09294629229966533,-0.8576343021437269,5.695762701013622
-0.30093405121362715,-1.0,0.36350080766263776,-0.3334229800727144,-1.0,-0.9010129845432383,4.144639084659283
-1.0,-1.0,-1.0,-1.0,0.32897283862969573,-1.0,2.478194947302437
-0.3678271643102442,-1.0,-0.321541445744544,-0.5619883834754673,1.0,1.0,2.332569981691354
-0.8320971483431612,-1.0,-0.27587668032595014,-1.0,-0.5613446035819499,-0.3953172258435086,1.3191900616886092
-1.0,-0.0617580126932073,-0.1286345888576541,-0.3143250596292767,0.33263765067747386,-0.9468647926196758,4.901248830457053
1.0,1.0,1.0,0.039670583641359336,0.2767685590609126,0.3264342244056644,-2.5806337386801337
1.0,0.02744063046701717,0.6899351229623721,0.28376629609486836,1.0,0.7353807275806561,-4.066921326424765
0.2401362188070379,-0.8675116166510694,-0.4861135317117735,0.3197368003180099,-0.4025865494865528,-0.091567337735458,-0.037942402363061345
-0.20509058105853392,-1.0,-1.0,-1.0,-0.635105537076883,-0.04621798304390645,-1.1416102128235937
0.0705376650786459,-0.45347260064465766,-0.6539745725679516,-1.0,1.0,0.32347686364086314,0.9745046754999969
0.7175521143848875,0.4228488283502503,0.12793675670779847,0.9912754068085698,1.0,0.164760684609359,-1.6195805774942669
-0.6592221935913989,-0.5377154664373529,0.4606213823321228,-0.5202973500213646,0.5039708173899636,1.0,0.08961572794281114
0.6917206918478478,1.0,0.26658272248049114,0.25529977244588875,0.04858445110121312,-1.0,2.9038600210311936
0.8378771047231731,0.3698846965213807,0.5628831861622664,1.0,0.15604739144543728,1.0,0.6667552841806283
-1.0,0.7875170625074506,-0.743276683129614,1.0,0.5553348264313007,-0.6480645856932717,1.6700730525332514
-0.5004237231345828,1.0,-1.0,-0.32669509217607434,0.5026744492795787,-1.0,6.674534295696361
-1.0,0.052194235541083156,-0.2681026259529171,1.0,-0.01441403655357898,-1.0,2.8466832558449515
0.295130700525126,-1.0,-0.5605800971827046,-0.8376513233989251,0.5109766242613463,0.9689685734028419,-1.1157858855012839
-0.16219379968621084,-1.0,0.09410380643556482,0.6237228656794933,0.33140194779151033,0.9240855884365448,1.9284140796290619
-1.0,-0.8444050362404649,0.42797029224949795,1.0,0.987499612103681,0.8195642925651424,2.595150181147388
-0.8009980628431079,-0.425022793185893,-0.8901665833702579,0.7218173719353244,0.08976588057677926,0.7539603061514475,3.014095993582326
0.6850802448292566,1.0,1.0,1.0,1.0,1.0,-8.724875019066184
0.7966104965386174,1.0,0.6284162060327396,-0.14079794698530657,0.41085856060069514,-0.06826267077148496,-2.281565784064716
1.0,0.4290793299908877,0.02479609143099451,0.48230271037762396,1.0,1.0,1.1662578939745416
0.06110818076687667,-0.11363782322945326,-0.6342278764997725,-0.5723509927312818,0.38096366993190595,1.0,3.6561401276744334
-0.3802612922875832,0.5191304320206465,0.3150523608860152,1.0,1.0,0.6842674020480445,1.7264972312404492
-1.0,0.04745414285661398,-0.3981541327920577,-0.3972251902935313,0.4477572696624017,-0.5841487448534505,1.827930127121396
1.0,0.5279029229694654,1.0,0.5513330938636101,-0.3000546398348555,-1.0,4.4403133388564235
0.6933500846759819,-0.52157854301138,0.523323975655606,0.7423554081162076,0.2644447143576374,0.16143740679046076,-1.2259297402518883
1.0,0.06071078921208173,0.7062305165454046,0.5501685209428704,-0.7364790444360771,-0.4848142478474897,4.5450938121401885
1.0,-0.23944311325197082,-1.0,0.09960254307345429,0.6068424727663653,1.0,1.1683176999847198
1.0,0.9951344191934894,1.0,1.0,0.5585554369002149,-0.7200013023692389,-2.3163644177488267
0.07026312701878024,0.0019039250198963908,0.2668332198185601,0.3399295526605476,-1.0,-1.0,2.3526391398388284
0.9019797973534216,0.025116704676432455,1.0,0.5980603115754111,0.1447562254490562,0.0019258222906637368,-0.13886891875306895
0.6661793343368454,1.0,0.09065929640964465,0.8549128414954322,1.0,1.0,1.9795773972821382
0.8967519530436867,0.3994865332390071,0.2957701180128367,-0.21578698919816863,0.23410358159794958,0.8189130394922737,1.2054315222780625
-1.0,-0.0737783138938577,1.0,-0.4610438994067654,-1.0,-0.31259484718383923,-3.6681109013362834
1.0,0.5523836310005552,0.8097996583075355,0.631658227815131,0.16839056752000325,-0.0701712996369126,-0.9609495620260036
-0.9840893804937039,-0.9225625239370228,-0.5073018393315787,-0.05608179816044556,-1.0,0.10870425287851893,-3.8704327959665874
1.0,0.2855683426963036,0.8623564007870719,0.38141843285556065,-1.0,-0.4012320290035374,5.550981961670884
1.0,0.47478701200365037,0.6251064501821326,1.0,-0.17394982977475948,-0.284473181080787,1.676760861899811
0.20793008419131498,0.8308059997841235,1.0,0.900693428545362,1.0,0.5764176564440819,-4.7300005777570036
0.3916364956548231,-1.0,-0.833965941486082,-0.48569243548613206,-1.0,-0.3732385504408683,1.505349653006106
1.0,0.26612688210218716,0.280951422970213,-0.6616864933312352,-0.3123740040341286,-0.4446170723729699,2.2028332939603277
0.6204482326843233,-0.5021611591103012,0.18830001326239398,1.0,-1.0,-0.13961339803236206,4.457672656469204
1.0,0.8541695070250699,1.0,-0.18970098782616515,0.10205046288154014,-0.906547095369188,-0.2661504254661274
-0.20957237673843132,-0.9110079862597718,-1.0,-0.07243339187357528,-0.03565347853766476,0.16347993423958168,-2.7279765745654663
-0.6029424377908039,0.3587705407659382,-0.13138914521624953,0.4327799158458526,-1.0,-0.7182866251567712,-0.8704251300773309
-0.018011297277608085,-1.0,0.5280217823107,0.07572774786888908,1.0,0.028711598907490976,1.779306201622319
1.0,-0.08592297328943488,-0.19245490115580366,0.5280137788317074,1.0,0.8706501030226503,-1.4905840279523568
-1.0,-1.0,-1.0,-1.0,-0.1614802294629133,-1.0,2.685849484138547
0.3876853099768957,-0.21115195282885296,-0.9879173771524834,-0.22484582527306513,-0.2369327260975448,-0.07477928727448124,1.001113123515558
-0.288472296379174,0.22237711137923083,-0.27977207054192654,-0.848297416204794,1.0,0.03049598046112023,2.2545297329434364
-0.7795806695976686,-1.0,-0.021392378470227263,-0.965468119158646,0.26227169039141734,-1.0,5.225730452506473
0.42799759801951126,-0.7321121950329894,-0.32172748092509745,0.13193718637300908,0.5277974589370669,0.5576033183856857,0.016260987807227012
0.6210681352436264,0.3381954132888255,1.0,-0.05662315307934038,-1.0,-1.0,2.5951200940987214
-0.6213879006770352,1.0,-0.5026775623556526,-1.0,-0.06917597191132052,-0.1620098619138004,-0.16127572185664155
1.0,0.19006071393403495,-0.49421056601378177,0.7272432135310023,0.31067343295653627,-0.22780840418075182,-0.9131843203018523
0.4359645147207797,-0.727719838188261,-1.0,0.3600386175259741,-0.912529354666813,-0.11612462290363867,0.9332112974125433
0.2905635854805353,-0.6121924182705888,-0.5526815917146402,-0.2190579308910339,1.0,0.6011723406670592,-0.8776848801574704
0.794384318319753,-0.9470024453181592,1.0,1.0,-0.5633002981346076,-1.0,8.464073867885947
0.5159353679871412,1.0,-0.31345239285538196,-0.9675822191068945,0.6940920466248525,-0.08597997577847183,1.089660709977912
1.0,1.0,1.0,0.6427738738204796,-0.1019721654260218,-0.44568045865931183,-1.2040674386874077
-0.17756554802914704,-1.0,-0.37970980605094573,-0.407346219971092,-0.9905098928960429,0.31330881775334046,0.16849280084629237
0.774014694742543,-0.5786625423207614,1.0,0.8872668644844408,0.0590147931689311,0.7984985740561825,-2.1991667954928404
0.42673183179181895,-0.11779108952341649,0.07682913106643208,0.8269808955378899,-0.32516804513109876,1.0,3.2637235044903803
1.0,1.0,0.9431080162816614,0.25931194235335087,0.9198930954171041,1.0,-5.2974033677098555
-0.8481218000212313,0.965216554470582,0.3680166734723924,-1.0,0.3877433298173556,0.4328851966567855,-0.3514571508125552
-1.0,-0.6153613027010407,-1.0,-0.6153567284741204,-0.48075379782241623,0.7128372274818384,-1.4315937367619016
0.4122724356264518,0.5772921086316426,-0.27570747659219796,-0.33355184560230955,-0.32969423553002714,-1.0,2.5796702262777558
-1.0,-0.6421174464837083,-0.4381767608293732,-0.08609963734914694,0.2799412400289693,-0.05360532583559843,0.7047213197009456
-0.38534532088437956,1.0,-0.5105789801341154,-0.4307168424883732,0.6005361508463283,0.8161649711529848,7.388544311193704
1.0,0.8243489915104081,0.14736962208624427,1.0,-1.0,0.3075314397437745,4.939866216929962
0.47999501862660526,-0.37227550449352764,0.5835446367669557,-0.3667932396102893,0.3194884765674585,0.46457949551653627,-1.0691972175591928
-1.0,-1.0,-0.010364457845455144,0.4081277004775455,0.37872841072674673,-0.8498693592212603,3.2266251076282217
0.649008244719327,-0.22183089578449622,-0.15488285095792226,-0.45523097673661617,0.06858062309694235,0.034386537889119495,-0.011844392791484998
-1.0,-0.29727099565096626,-1.0,-0.592257939438738,0.02395807869074057,0.04974631164658776,-1.7626971237535143
-1.0,0.41125174051912444,-0.200754454845812,1.0,-1.0,-1.0,0.39551475409676307
-0.44163943915008874,0.2069161233767085,0.3908333115906983,-1.0,0.5386356822332525,0.2068452929230694,1.3461765302146131
-0.2233262260456012,1.0,-0.14224002208030553,1.0,0.6342460035097743,-0.31149016587022144,0.09778321447128907
-1.0,-1.0,-0.23421769833139217,-1.0,0.9398186309509975,1.0,1.2628759249404047
1.0,-0.2048273398481749,0.18721659459834938,0.17348225068726786,0.33326177145262015,1.0,1.5103316835126168
-0.6513739672712228,0.2713540962758685,-0.13323358230131593,0.8614013306947619,-0.1459870053267181,0.44571473277146667,0.004910315554031236
-0.837700167547433,-0.24315292976045028,-1.0,-0.6955803965480336,0.27728557571103263,-0.5788378137830372,1.76134051746793
1.0,0.24344548241453912,1.0,1.0,0.40553763504882456,-0.26748900752486726,-2.1702278027836135
-0.4866201608576807,-0.33265184150931737,-0.5653510111609967,-0.2884172673706865,-0.01572075835553179,-1.0,3.10203800994082
1.0,1.0,1.0,0.036047688014932744,1.0,0.6358385843233958,-5.477008234082947
-0.45189073280025094,-0.8892093653722573,0.397038708191843,0.09656880504203724,-0.7375475468604021,0.556621887052977,-1.0586815748991798
0.8369852793280351,0.09659326531768653,0.285255538416199,0.9588412675032287,-1.0,-0.800280000007972,6.038674435676543
-0.9647020720797485,0.5816430669733881,-1.0,-0.095533996860313,1.0,1.0,10.745060230815199
-0.41231396880587745,-1.0,0.8353555803602958,-0.4261587701148358,-0.3510943551516948,-0.07848252656547722,2.230145693186246
1.0,0.6159149294536306,1.0,1.0,1.0,0.4401197607334375,-7.529734949751043
-1.0,-1.0,-0.9834437227290342,-0.6732668687323611,1.0,0.8313877573449104,-1.831324889943575
-0.9743470928277156,-0.6032400253291579,1.0,-0.45539741974772974,-1.0,1.0,-5.431868067451429
-0.06793037556094661,-0.7164593156926391,-1.0,-1.0,-0.07864034848713075,-1.0,2.6950436379459455
1.0,-1.0,1.0,-0.17085999909991,1.0,0.35586367574802696,-3.4188212652941266
0.21479362158463933,0.32147550111081513,0.1806876718764271,-1.0,0.46166900840704744,0.18854838554290254,-0.5031940675041773
-0.5810351481125005,-0.21276215102659124,-0.08593123267786129,1.0,-0.1699186465128773,0.8424109713014032,0.6957775991881976
0.7572215754598924,-0.39927625552200346,-0.9424518025112573,-0.1278140529254857,0.8334089608798456,0.5537234949517249,-2.2409241061409224
1.0,-1.0,0.10487465786628697,0.896619186520097,0.18317244956942352,1.0,2.770003023682261
0.6154047946929315,0.16689536995176868,-1.0,0.9350648382301296,0.4266005312941724,-1.0,-0.3540810697293421
-0.19802513360074478,0.2865856537257106,0.3798217077386204,0.554789360961995,0.3125217639021587,-0.00044110310895412175,-0.6502333830648421
-0.24668896114989325,-1.0,-0.032873999783254115,-1.0,-0.23116582528758245,0.43670825196546115,-1.0822043629583455
-0.22553328114210994,0.7072160747622545,-1.0,-0.03917215381373318,1.0,-0.40874689567201383,-0.24070152453218374
0.01313447655778216,-0.1975878460923387,0.06883217473027856,-1.0,0.976920846901174,-0.8721036712779149,4.817822645017913
1.0,0.7563146403827459,0.3322456964084046,0.7183587890906588,-1.0,1.0,6.9147138885068244
-1.0,-0.06672199480666824,-0.18644023333167942,1.0,0.6244849797386206,-0.38523226246087633,3.13098154495651
-1.0,-0.7859978853618927,-0.07083265133869787,-0.2035213087320471,0.43469345435569917,-0.1424949077933453,1.7010395480177616
1.0,0.6756294008836223,-0.7450823066121275,0.48938356913071246,1.0,1.0,0.8147575621722651
0.4126221984905123,1.0,1.0,0.4501673872614329,-0.3343573514225432,-0.2656838470552568,-2.2119639310440005
-1.0,-0.7196332342503828,-0.9635900361608764,-0.8717939797938281,-0.8761354898153375,0.14571960518030053,-2.610277559677427
0.6796392413663748,-0.4016878598752283,-0.4491345130136861,-0.7913554369803462,-0.729253281608879,-0.47846558160563846,3.9608166547545913
0.16749155685687053,-0.20276694801368483,1.0,0.17133100978467253,-0.8590595954550337,-0.648119431078064,0.8839160273822979
-0.7247323520410509,-0.26867937754853055,-0.799179319197841,-0.15448318940218986,-0.69240169497448,-0.09970434329792516,-1.6475030801670887
-0.040158787280130115,-0.02893332345370864,-1.0,-0.40530636968265293,0.2646145473720458,-0.6704494075869049,1.0062055006535244
1.0,-0.32482769274452455,1.0,1.0,1.0,1.0,-4.628676063683139
0.5507012891061729,0.020791409324665,-0.6672779310686388,0.18528010736647357,1.0,-0.3722042273396067,-2.313256742846069
-0.7667070286763502,-1.0,-1.0,0.06280283161466445,-0.6733098777215725,-0.6267327907487579,-2.8227846253452977
-0.4269735942327175,-1.0,-0.8408877830730815,-1.0,0.1960566163012547,1.0,-0.8977838447520241
0.9671594809466791,1.0,1.0,1.0,1.0,1.0,-11.006112016865952
-0.6122502143556646,-1.0,-1.0,-0.5445188635764828,0.3151078239237942,-0.23306001165823687,-4.369912257165763
0.3004300798839515,0.5931782388112448,-0.10818235800180986,-0.9153108702944126,0.26409041985075854,0.20065342638262962,0.0017027509281767328
1.0,0.6950409901990325,-1.0,1.0,-1.0,0.4903202846362525,6.1620155214591295
1.0,1.0,0.4013252537473695,0.33534300394055294,-1.0,-1.0,5.8524440467519145
-0.4100686721490554,-0.25773151657049564,-1.0,-0.7496234148396057,0.20086480278176455,1.0,6.569093066625878
-1.0,-0.3578447552722983,-0.29146540725661363,-0.19405192491042023,0.15336425141225446,0.187667368425241,0.018389926109575627
0.5180353733334071,0.8495345240420823,0.38333980228597164,-0.265913139909286,-1.0,-0.561333583851049,0.9924211113195212
0.6496186734566156,0.1898242254518332,0.46495298810899643,1.0,-0.03840157507120581,0.3634153110294637,-0.2084120838364443
-0.17658362640400083,-1.0,-1.0,0.7139003725732057,-0.3161810918730203,1.0,3.181759704196951
0.5611558870855693,1.0,-1.0,0.4533046527377399,0.42747353450714765,-0.41947565993672337,1.3692640000364706
0.16056129906524852,0.5456442845839071,1.0,1.0,1.0,1.0,-3.111906144825038
0.24371395227999676,-0.054063592992017684,0.3056145175606137,0.5903477154068504,0.5804901655853469,-0.9630951343345395,1.31360248263917
-1.0,-0.7058523112869306,-0.576480961760012,-0.6431291336446301,0.1492952842120603,1.0,1.8574871049729267
-0.48671805406256147,0.3691791911817632,1.0,1.0,-0.9730162465621698,0.6645538546662393,-3.557975128517571
1.0,1.0,1.0,0.3038857448683132,0.6354039190441649,0.593133088665728,-5.876016502907044
0.8837342975283409,1.0,1.0,0.10286450259144447,0.8820624269202161,-0.9491694314451194,-3.6849027150338496
0.8311624205189716,0.7506151113692578,1.0,0.46750047000779804,0.7671783300700175,1.0,-5.961064172886057
1.0,1.0,-0.4435793328296008,0.22290704471334866,1.0,1.0,2.690139840721855
0.3276732856045271,-1.0,0.49495434948902994,0.7155583486707782,0.1571647783449197,0.5040367143343816,0.41161043544087916
-0.9603064775478463,0.20502942560762738,-0.2485866206454065,-0.34490244234712025,1.0,1.0,6.852335658495483
1.0,-0.12139533774194756,0.6485881512659608,1.0,0.047986457421288015,1.0,0.37439372813207683
1.0,1.0,1.0,1.0,0.22109118929291338,-1.0,0.08221929656493934
-0.5510670655808314,-1.0,-0.13786535392261978,-0.14313795424404008,-0.2815352822776438,1.0,0.17275611283852554
-0.5698558012843984,-1.0,-1.0,-0.646164523728205,1.0,1.0,1.5817228158433154
0.8273806778174966,-0.3791691093494567,1.0,1.0,1.0,1.0,-4.168775181984532
-0.5563098216424791,-1.0,-0.8715539436174027,-1.0,-0.25742105098914425,0.7604090023844754,-2.746672563340712
0.2770983442699566,1.0,1.0,1.0,0.9613378783788051,1.0,-5.664688226864725
1.0,0.07564592772804413,0.6867130588349708,1.0,-0.9000545965859744,-0.24587346611775335,4.132855839818168
0.9551768814266983,1.0,1.0,1.0,0.5313412354068667,-0.9305735213158244,-2.768355927691989
-0.45135020732043724,-1.0,0.4733647869573804,-0.39180588040178965,-0.885888058736207,-0.3671383102452412,2.5955906786472016
-0.0413535261091198,-1.0,-0.001472190500782622,-0.9015350237648032,0.33846752064474794,-1.0,7.140106863399726
-1.0,-0.2790444562943099,-0.14173664318831847,-0.9319812585581835,-1.0,-1.0,0.9094797928208097
1.0,1.0,1.0,0.5020733796707753,-0.05095585694833682,-1.0,2.3051837215991515
-1.0,0.1254949990082176,0.6826711566767953,-0.6162716699470248,-1.0,-0.760139447785511,-2.0219819627955578
-0.023646702600521374,-0.6227204877806245,-0.8576227676277648,-0.20790779294829964,1.0,0.5245360156486121,0.02649946340942723
-1.0,-1.0,-0.9683345629729956,-0.9539442519149115,-0.16785864741789325,-0.03431539687557361,-6.433436745729327
-0.290927264304664,0.08695231235588241,-0.3860496244664766,0.9103955684720397,-0.7334443903237299,-0.06907880262134414,-0.7781529509923573
-1.0,-1.0,-0.40183902683283124,-0.9982870226073453,-0.2980154530043266,-1.0,3.7363489484969925
0.6969878464167576,1.0,1.0,0.24886027561541457,0.32726036502985956,-0.31035162605302774,-2.851029109899353
-0.4128016256183782,-1.0,-1.0,-1.0,-0.9273904097118955,-0.7806046915448093,2.126498602358311
-0.2899156872669507,-0.37271253262087517,0.622683820629688,0.13668718801992386,-0.7614172976276419,-0.07104889181661983,-1.170393562444831
0.6891979119336707,-0.19340719628241204,1.0,-0.46782451357023747,1.0,1.0,-3.9057068635236156
0.963292805443717,-0.19558973210170755,-0.9730771837745178,0.46629184029805737,-0.9032928760462094,-1.0,6.244601980911989
-1.0,-0.53479991357768,-0.7572390017891899,-0.7184130312929822,1.0,0.7510086651479099,3.162712961783354
-0.015868320844059286,0.5569352294178384,-0.15782060585613844,-0.6761526461074443,-0.43457891258325876,-1.0,1.448840113747365
0.09627565052250844,0.12384564494340938,0.7650703243130792,1.0,1.0,0.7182553686186968,-1.3724134110540094
-1.0,-0.7708843727431258,0.2796042329584835,-0.15441696682755102,-0.19041350569251247,-0.05512939188793979,-1.403073210458502
1.0,1.0,1.0,0.20015233464580717,-0.4535746640298539,-1.0,2.0674499227447605
0.7833700666156195,1.0,-0.32692286109467933,0.49863991211167213,-1.0,-1.0,7.251518604285052
-1.0,-1.0,-0.38971052985098664,-1.0,-1.0,0.36329360035892877,-0.1813320549945517
-1.0,0.2802091425289845,-0.141581462823858,1.0,-0.14487387545016595,-1.0,2.521296498510277
-1.0,-0.8790373316781104,-1.0,-0.8728645461862676,0.3419109535467538,-0.1503904283085799,-5.940483916842851
-0.36512628098656963,0.26233982030988234,0.3655405229347569,-0.540375940122893,-1.0,-1.0,0.20481026794921903
0.18730756440301488,-0.5527880381465664,-0.3650621509602164,1.0,-0.29139373721205497,-0.1195677554769865,-0.37178359086070784
-0.4162592939224636,1.0,-0.5955831936411451,0.18629674498177018,0.5671084927130112,0.029851490325220498,2.1127908528250283
-1.0,-1.0,-1.0,-1.0,-0.5857935989693963,-1.0,3.295597229822121
-0.23508221677303853,-0.9270176841251863,-0.051862334646411046,-0.19801162929493238,-0.6739165465313672,-1.0,5.139598608189344
0.011489229962149516,1.0,0.7090802996005334,1.0,0.055016542273200186,0.6252246945116311,-3.2035207608318244
0.7161815975930277,0.5959556961934829,-0.043631030479930666,-0.6388364795946186,-0.5250866567627166,-1.0,4.4470427968468655
0.6330199975054427,0.873435467220518,-1.0,0.33275016736445595,0.44727566658520246,1.0,6.864669796318591
0.24845059237075007,0.4472287484108011,-0.3192375460939584,0.9155681462346127,-0.6059961601317814,0.1014910289513492,0.9565725126081944
-1.0,-1.0,-1.0,-1.0,1.0,0.5836658950145572,-5.711983630474281
1.0,0.05508314015107052,0.9433442985103524,0.8388016275498289,-1.0,-0.778504804466846,7.748282426553442
-0.4240679419322694,0.4314015986762623,0.4795372000071257,-0.9092638712460771,-0.7735356983455082,-0.6599203193998113,-0.3808601551822252
0.9610235079196788,-1.0,0.8435856864127655,-0.6440136438486196,-1.0,-0.05959904415429301,10.490325469505267
-0.7897458270977529,-0.7957204857869554,0.36761555693606074,-0.2773384759589103,0.3424358299704134,1.0,0.7735165667756478
1.0,0.06539402384803106,0.9546091530559206,1.0,-1.0,-1.0,8.669612079765267
0.6460081132212794,1.0,0.8790604452266259,0.8553092279423128,0.6592399209220471,1.0,-5.3233192780497465
-0.3595936601156241,0.3335383817185802,-0.2794855075856542,0.9094952052637258,-0.757716802790418,-1.0,1.8953921148491357
-1.0,-0.15820583257689758,-1.0,-0.9346802473351177,-0.3002201861910684,-0.2821194360572056,-2.0145827135473082
0.428226807906704,1.0,0.36608525704858863,1.0,-0.22320607750672306,1.0,1.1518797354086066
0.424783863198805,0.6452522562012639,0.17259074756885384,-0.42297218575794704,0.5509090062650194,-0.39820947041272325,-0.03378446262949342
1.0,1.0,0.009533177310456553,1.0,-1.0,-0.45986826501644307,7.274501303141442
-0.3394080623715128,-0.6794943025148905,-0.38789018557919874,-0.7677544615971488,-0.8284656367339323,-0.7571408163356335,2.7217176961435885
1.0,0.19752759980575074,-0.0567775009035415,1.0,-0.7072312836432226,-0.5423386379893995,3.632949898302959
-1.0,-1.0,-1.0,-0.2910412582033346,-1.0,-0.04813441786534134,-5.239548468083358
0.024238617674065432,-0.9527599920023652,-0.6704744102595274,-0.767454044103758,0.14336760989532982,0.5004701882184546,-1.7838653552091452
0.2614705703700304,0.4080214184205013,0.9429165698630575,1.0,0.03615991332326565,-1.0,2.977894406316336
-0.6110809132641555,-1.0,-0.6325565273871405,-1.0,1.0,1.0,0.9584470424689495
-1.0,-0.43338824153199684,0.14962971226335203,-0.6753070512047095,0.5601147763362782,-0.3477974378098708,3.593145419872494
0.4334475497860459,-1.0,0.02996460581467933,-1.0,0.0830749349261094,-0.30577467356731525,1.5748082087912445
1.0,0.034116381507131255,-0.14216439567847705,0.7030578016060729,0.8063369701594675,1.0,1.6567016078777848
1.0,1.0,0.49915923702177467,1.0,-0.7153131784445876,-1.0,10.271458670945306
0.12326148922869473,0.775721094041795,1.0,1.0,-0.1958034560847124,0.40891833233259145,-3.2981917980118975
-0.05027714813980988,-0.6864363495375279,0.8253282235250453,-1.0,0.5807721134350401,0.6660809487590404,-2.4713684774356364
0.7596773684718454,-0.4954537721873457,1.0,1.0,-0.3609366075556735,0.33583071626003075,0.789272801910088
-0.0594326610295097,0.6534869789254302,0.8528023072102573,-0.19543703015764488,-0.21573212474349868,-1.0,1.0160315265508089
0.7136117913256953,1.0,-0.5926347209465685,-0.02864475670585498,0.36510432739139187,0.5998273276930952,2.497822207683208
0.4043311872647085,0.3418491012361631,-0.42564344524344105,-0.39712820131053217,-0.6124907090421177,-1.0,1.6390568526155689
-0.26170928136808413,0.08027825737838679,-1.0,-1.0,0.8732957553630954,-0.39168353450724314,-0.7141247858052022
-0.6335965562811755,-0.06544857664043269,0.36814164512120096,1.0,0.03753639517806917,1.0,0.016184774394071066
-1.0,-0.11328168508033917,-0.5741837021644856,-0.45880603700988976,0.2551435415613935,-0.25119732513293547,0.4684173759268812
-0.42198024340198004,-0.9698559821367654,-0.6881483383935021,0.39176591188976423,-1.0,-0.4549963931001435,-1.1298897397111403
-1.0,-0.17592625085618174,-1.0,-0.21899930573353776,-0.954016132951499,1.0,4.883660958426431
1.0,0.05905035887837151,-0.2331188739658927,0.5782382027978796,-0.08969139907940724,-0.14611818830932233,0.30740789566598403
0.5394716804093627,-0.04268984161778814,0.8846612536937779,-0.764213832355743,-0.4823667106421631,-0.2607692909418504,1.7395190748847327
0.7785451801997592,1.0,0.5340879508277359,0.925990962929705,-0.05654492819706414,0.5272764867628903,-0.8047606146144439
-0.08135752186707576,0.34607526725550947,-0.5017450447602312,-0.829577068403965,-0.9840173052704866,-1.0,-1.103874328457437
0.8171167093890909,0.8952595001753589,-0.13086793805033708,0.17486968664549507,0.7363721074193406,0.7955223613623246,1.412574013093588
1.0,0.8043375521001039,1.0,0.25238848684395543,-1.0,-0.038876270623408704,2.8911832878887864
-0.2682188375134638,0.8487210891858286,0.927258687857743,0.9534800852747907,-1.0,0.11918521464939447,-2.5286451594032395
1.0,0.669329555174724,1.0,1.0,-1.0,-1.0,8.643452236752058
1.0,0.8484149504755435,1.0,-0.07672239109916901,0.7138843847116707,-0.09499823326599344,-3.6232043951032407
0.03838627627409068,-0.09049962625987495,0.4381334210316326,0.4684270655389216,1.0,1.0,3.5343341050933645
1.0,0.9082198185905579,0.6015111420724479,0.6804844478194174,1.0,1.0,-2.4844196041582167
-0.23830701380005603,-1.0,-1.0,-0.2579401699367556,-0.9508806949229572,0.6204563483693102,-0.5532963191203751
-0.005382271411070283,-0.481309538895881,-0.12956699652894127,-0.4662024942371791,0.2732091930735072,-0.6672715406511105,1.7132606926097762
-1.0,1.0,-1.0,-1.0,-0.7633833234188259,-1.0,3.5611049894368136
0.9266537572260032,1.0,1.0,1.0,1.0,1.0,-9.577101936807265
0.5194473084720126,0.020066291017592497,1.0,0.4220039035731793,1.0,0.9469769116372918,-2.9919434132076295
-0.09086861954477854,0.17919935602577303,1.0,0.9056039523287601,0.823672662768929,0.03830096698731378,-0.9710614207105699
-0.570429488254192,-0.029791829077094656,0.16029954204523966,-0.458049219881827,0.24615672598232585,0.6190175881189921,1.6131428334994853
1.0,1.0,1.0,1.0,-1.0,-0.5783253907615076,6.6607555303743275
0.6723713114786074,-0.3658144710947506,-0.5273115881484545,0.5767817756489583,-1.0,-1.0,4.838332306817447
-1.0,-0.094540643583789,-0.2235115655460178,-0.694267846681351,-1.0,-0.47257596088185627,-1.974558738734593
1.0,0.5450650669220596,1.0,1.0,0.3758638184517539,0.9133068588798526,-5.6053538840844
0.6041071867434458,-0.027718401184623764,1.0,1.0,-0.09854682518338698,-0.5663093378799396,1.3481150998368172
1.0,-0.35927632088127837,-1.0,-0.6282182572364485,0.7723523589852811,0.7228746488828232,-3.25711832982605
-0.6964713589163244,1.0,-0.8816139212328995,0.876017101430296,-0.3308639580411674,-0.22053880186823038,1.4104579697902284
-1.0,-0.003286833545010026,-1.0,0.171927636761529,-1.0,0.4149013419750258,-2.059360874848023
-0.7892120764655157,-1.0,0.4277074857318613,-0.6649326834874535,-0.203521239625706,-0.3983412911126376,3.1892958734052086
0.9223705641683064,0.429238773493951,-0.6468310747251549,0.8868299332801641,-1.0,-0.4954211573048408,3.8881791275036104
-1.0,-0.2699603806694222,-0.4679944136508416,-0.05784989413731911,0.465544648305407,0.8233722809952064,3.1918406758178333
1.0,0.37268987926604824,1.0,0.18773321153876932,-0.6201246222708665,-0.9895372988738178,5.885207420574154
-1.0,-0.48472247114196965,-1.0,1.0,0.6661943231673817,-1.0,3.967586298679848
0.430265099540033,0.8089217329917746,-0.5531279362866695,0.5672474492687051,1.0,1.0,4.782280089439199
0.22160334520085462,0.3177297251548332,-0.7485504271408465,1.0,0.9782527507648542,-0.005523505422735629,-1.3394683065203299
-0.001726594528093428,0.9779416034335426,-0.38144334278406816,-0.24588584469171737,-0.20354095837431418,-0.7627702699304155,1.1752219278054068
-0.2560900487649628,-0.6233088968459725,-0.6312843370335395,-1.0,-0.4644127702428851,-0.7386075673381409,0.8474847834126648
-0.43323597015745097,0.6377826880692314,-0.36731690257880556,-0.28502120465163705,0.9825319639588324,-1.0,3.2533195616000947
-0.6865026142856068,0.7241758495040594,-1.0,-0.07728152580533754,0.44854166434202103,-0.2726308490007878,0.802949085746004
0.8515651884554394,0.1524844376262352,0.4499161504402347,-0.5914933575923736,0.3666051447842742,0.7021259572110057,-0.42921756561970126
-0.2146962864766635,0.29693123827109713,1.0,1.0,0.1096093814270826,1.0,-3.022133058574699
0.34769708731923,-0.24351588194697804,1.0,0.4168565078763655,-0.40071785929382453,-0.1775246494482129,1.040292686834269
-1.0,-0.27303979991421,-0.5930576655853885,-1.0,-0.5375400394335321,-0.6818214728715475,0.5202502633743171
-0.21512514045077472,0.7804686478364009,1.0,-0.5348951127779663,-1.0,0.257399380685448,-2.1820523118165425
0.4688141982455266,0.4510157411311922,-0.02954056973780328,-1.0,-0.4543283958604356,-0.505618198151633,1.3657177115927377
1.0,-0.4360405041909929,0.9192095460065359,0.3659962922146994,-0.3912549958406577,-0.9932263622202928,6.8877870548878635
1.0,-0.2443128407458569,-0.4239928665263414,0.485933568532577,-0.3516920760766795,-1.0,4.182212753956058
0.09661544362543352,-0.6415091320461943,0.09290503536011618,-0.6393864017391784,-1.0,-0.6518339830194204,4.093166247715325
1.0,-0.15646589529493077,0.017594547861229104,-0.47192115189933026,0.5161585591203193,-0.42418439670034125,-1.3719210652195826
-1.0,1.0,-0.337496688253341,0.5933408400331419,-1.0,-1.0,0.6212408099843809
-0.9927591208455777,0.9302965622441411,-0.7534307827577975,0.14523960015809356,-0.44481274033000073,1.0,7.317763289960551
-1.0,-1.0,-1.0,-1.0,-1.0,-1.0,4.258981352769035
0.7420060866077811,-1.0,1.0,1.0,-0.1816056575884895,-1.0,6.361049389399842
1.0,1.0,0.9727647774828625,1.0,1.0,1.0,-10.432696475978751
0.7567507016847833,0.8054267961954569,-0.6267412191324684,0.4129850692969408,0.4180127362343641,0.21615030666863388,-0.4504579546803801
-0.7750007364061624,-1.0,0.3516407620908574,-1.0,-1.0,-0.21582721616514422,4.2857133107143355
-0.8488066505655294,0.9592475772760043,0.9929350737583158,-1.0,0.24496067408781025,1.0,-4.255161058151076
-1.0,-1.0,-1.0,-0.23781266108378918,-0.47371679793448296,-0.2800242179013759,-4.781312808965569
-0.9623859953676728,0.22599533545866968,0.20126099667810116,-1.0,-1.0,0.23257692506505087,-0.8431623400036677
-0.6687999219826536,-1.0,-1.0,-1.0,-0.14531598899623765,0.10255284586210472,-5.79329846379194
0.6790118791456005,1.0,0.4170862667335561,-1.0,0.20647430827831828,1.0,4.174731570889487
-0.0467054635245725,0.7701207479409566,0.0262501423873287,-1.0,-0.37284623969525243,0.5199899222493054,1.902426478470745
1.0,1.0,1.0,1.0,-0.08723232821318072,0.5494771943885948,-3.022478837956136
-0.8425485022074666,-1.0,-1.0,-1.0,-1.0,-0.5173806231826192,0.6265763663219608
0.7247659929875175,0.1725657063338765,0.38305332440238693,1.0,0.35787603549555586,-0.3955290783087295,1.3744648621184832
-1.0,-0.9234710816073233,-0.4578302685916509,-1.0,0.030211470386550254,-0.6913783451409763,0.8081898656245609
-0.4505485887104775,-0.15329625862713023,1.0,0.5557682709453395,-0.6702761481862021,0.668967960955762,-2.7436424381261904
-0.7002188954827099,0.35223682150749025,0.6048772690074204,0.40393641001251,1.0,0.2092252586401253,1.3128153721080527
-0.05348112344308403,0.570697638601838,0.28716988458089604,1.0,0.0016418504555275604,-1.0,2.7021443126162277
-0.8654734856469255,-1.0,-0.5246234544278359,-0.8035776244567148,-0.1144157646022465,-0.5456627199963345,-0.08059795356934235
0.7512086938722716,-0.22937388037958675,0.4646127614164662,0.716737681281431,-0.02818344333958822,1.0,1.6618716309907904
-1.0,-1.0,-1.0,0.713261108251217,0.23919642094514937,1.0,2.05458859339936
-1.0,-0.5690799145071122,-1.0,-1.0,0.4950236430580488,0.17370971938389895,-3.574589313352514
0.030200873343718126,0.20303097810365983,-1.0,-0.7800511697170198,0.10468710176935381,0.760866302500709,3.7390787271805017
0.9002424118377639,-0.08181668896592476,1.0,-0.4582727656466392,-0.19781760279849037,0.18369739228809265,0.11766777814501339
-0.09250815054884542,0.07909020210994366,-0.012641549476458847,-0.08926974371210089,0.059666684594932407,-0.09158370736065796,-0.27337967986401085
0.45795128314415867,0.14705705853922532,-0.4898881411950131,-0.8748228777113521,-0.4127642929977413,-0.8835444211688381,0.6268233017512226
0.6987951740075202,0.2673051544432299,-0.15562268805453516,0.5590703002045221,-0.16591179049446392,0.39364616828896787,0.06449225937107095
0.6296251941936799,-0.12443971159507827,0.5585464048296733,0.43375550818173636,-0.9360054948447232,-0.5221602632679598,3.620090274076189
0.6719743622779848,-0.513768620658996,0.3220984526158138,0.11528822414820777,-0.32231613537919285,-0.07225137837199175,1.4351851509682327
0.24937908220607202,0.07073423881439356,-0.13305246431967233,-0.6383263904339669,-0.5083426831283098,-0.9312573879863728,2.8819952170570873
-0.4859087112551699,-1.0,-0.041835721615403276,-1.0,-1.0,-1.0,8.355536938578368
-0.5916111069499356,-0.7559174259345456,0.009105534671744797,0.8078817431301857,-0.06574745718221597,1.0,2.0576006991548295
-0.1571161568251085,1.0,0.34674327265940974,1.0,0.44589221562886994,-1.0,1.2991002172906985
0.11571267613824343,0.554513143594555,1.0,1.0,0.8024949254920783,-1.0,-1.0793707889859803
1.0,0.4183256480406652,-0.1423698608315116,-0.11733929404724326,-0.14425001523275216,-1.0,4.030783676466852
1.0,-0.3484534378572264,0.3849277093736552,0.1651138203640733,0.5504818280075652,0.650496030164162,-1.8227898869675032
1.0,0.9393111174424438,0.3210931337455767,1.0,0.04475865467142548,-0.6828293944321082,4.251035655331348
-0.08022387527221522,-0.24545676092135982,-0.09959811706028865,-0.22852692813125153,-0.6341559357066298,-1.0,2.3495862310694333
-0.0030808152506515696,-0.9632947097458233,0.5162200391561867,1.0,0.6255964275972461,-0.6222162840756876,1.291030537794171
1.0,0.3006645126798788,1.0,1.0,0.28025497225567425,-1.0,1.670478141874132
0.26547494699671326,-0.04171502931782212,1.0,-0.0430218867971075,0.003002743719983769,1.0,-1.0262042546209642
-1.0,-1.0,0.7663453055031265,-0.8496877767839053,-0.006545256055556448,1.0,-4.054749964501915
-0.2878634089813247,-0.3671983739265603,-0.24488233628472855,-0.2962987203682197,-0.5189598111046168,0.23580594020732792,-0.42438697814389015
1.0,1.0,0.7695335381370536,1.0,1.0,0.3879422247225013,-6.555913839923797
0.22058932586900237,-0.8041568190638998,0.5193360168198764,0.3158996426710151,-1.0,0.9580364561384582,3.851893698804071
-0.0955983279725755,-1.0,-1.0,0.3066885443516423,0.5858296691297153,0.8576490954222781,2.9027250418364012
-1.0,-1.0,-0.18583573250213659,-0.044027784403402714,-0.13589891494895123,-0.23012198101656242,0.11229386933522179
-1.0,-0.4220297281327452,-1.0,-0.8931204152694403,0.9105216619894958,0.2632461084240585,-1.9445854718872702
0.23800456972023143,-0.17554439157906998,0.1815490604385221,0.05176722629405017,-0.5853424414444701,-0.7896400768894967,1.9381357859309847
-0.050529160922676036,0.4466689633630053,0.4267184450637482,1.0,-0.4067607821784127,-1.0,3.809511911166318
0.49803881411764084,1.0,0.6831669959852158,-0.42007819737471846,-0.3757771234436503,0.10399680706708148,0.26837209194186396
0.6756240176219015,1.0,1.0,0.47511695095377116,1.0,-0.6912915171667596,-3.634562562730418
-0.30072703822009383,-0.9602423762503949,1.0,0.9055650949514342,-0.4720598420404183,-1.0,3.339106954048702
-0.05270197784011402,0.7407292145314539,0.4836802414781526,-1.0,1.0,0.0551929998489572,0.9567870591400489
-0.20807184739103382,-0.8510311729846295,-0.0580355195830953,0.5733705523003525,-0.30961118964621703,-1.0,3.193291211003558
-1.0,-1.0,-0.5631220341144396,-0.0909889001028612,-0.3965723807214192,-1.0,1.6826987540359082
0.60615481757883,1.0,1.0,0.0897604218285335,0.5223094039884547,0.10647512887087107,-2.7964310116541196
-1.0,-0.5464777665304785,-0.06386302879700012,-0.0352027931087604,0.7532896176029831,0.14923313646653935,1.2448027700313764
-1.0,-0.0314854000610294,-0.2312466912492659,-0.9869945950996317,-1.0,-0.9086217660142732,0.521816999950624
0.08803900565212319,0.05729306065579792,0.3833088593648482,0.10022711494783476,1.0,0.29288216615269613,-0.6430043165248605
0.5255758099553252,0.7968469254581969,0.05929325220484194,1.0,0.6851769026980057,0.253374699454136,-1.3011550842060857
1.0,0.7743800196757942,-1.0,-0.30738048783929417,1.0,1.0,3.4820642944299665
-1.0,-1.0,-1.0,0.4150787812199673,-0.8481489044249644,-1.0,-2.154567371303189
-0.25455179158538654,-1.0,-1.0,-0.21233423855616707,-0.9849000981374291,0.7058722649936737,-0.08828788052907746
-1.0,0.5939035568952122,1.0,0.3743204035036596,-0.910694953818596,-1.0,-2.6443834094728897
0.20662745854505582,-1.0,-0.14936872596892514,-0.9860962027540312,-0.2870512084023223,0.4405434330484752,0.4325798449465497
-0.6181991627728145,-0.9329837206899159,-1.0,-0.1921094068791238,-0.2792981761344696,-1.0,2.9291571086658013
-0.07120119002611225,-1.0,-1.0,-0.07283496516428678,-0.0672255641089361,-1.0,2.0360448265734594
0.2521265415495837,0.2566716418819954,0.27394517661598905,0.21430646854644497,-0.04997935635180917,-0.3748029641049774,1.5947015173409356
-0.5968524321013844,-0.9304442657227521,-1.0,-0.718920848709844,-0.8012843692794056,-1.0,3.000205004785499
-0.9496421140839543,-0.13490991540646075,0.15921944331049687,-0.40278231736471004,-0.6590905741582143,0.8001449978463981,-2.0677557144599596
-0.638975621287412,-0.6025290297492872,-0.062302680500662566,-1.0,0.14454920815468164,-0.6317128514111161,2.491027574678095
-1.0,-0.8218430120112326,-0.23140418033874965,-1.0,1.0,-0.8060473754069771,6.892512663180358
1.0,-0.30441924178534774,-0.48016761813798037,0.21618831964789653,-0.4466856373917073,-0.8304733405904304,4.5155210533488574
0.35205412839283734,0.3646975393451427,-0.06001453854637451,0.19914703425798957,-0.18640702601002768,-1.0,2.9766311007012547
-0.9050552853273066,-0.4473051882094986,-0.6166102353107965,1.0,0.3335294218531226,0.6259241792687213,2.0942387621021368
-0.23393708397040047,-0.8334357734024745,-0.05237971706910738,0.5661360573659922,-0.8509359685211189,-1.0,3.020668562670905
1.0,0.0095079424055593,0.4314082987312611,-0.6191460465026042,-1.0,-1.0,7.711744224182515
0.0287277751600008,-0.0755280466659139,-0.8499200833608649,-0.01763260307654102,0.23238217981387677,-1.0,1.9473675452449242
-1.0,-0.36352363360169354,-0.39348051033283027,-0.36574093013770215,-0.06987911859248797,-0.3905872547835752,0.4162928196315575
-0.4360774026325608,0.5321193631728581,-0.19758938459858533,0.5700179414560428,0.5565324513028473,0.7756199057777087,1.8746084919766899
-0.37624294576130035,0.036154190313380186,0.037180230166949935,-0.19143426897653168,-1.0,-1.0,-0.2537244565403424
-0.8728362206932018,-0.9429269745707354,-0.17134730163609135,-0.1331397958191194,0.5400455506878781,0.6056560551102089,1.151485765154742
-0.37344713697361476,-0.9435130285577991,-1.0,0.26896521121837663,-1.0,-0.8060949051562667,-1.543379702879717
-0.22596604898993655,0.49152120462622345,0.82688034309843,0.12180674476568598,-0.8725850212809875,0.7249714420604831,0.077586133097586
0.8824783336643152,0.971432424342537,-0.5733169475613137,0.14306020727180846,1.0,-1.0,-0.8694034242149044
0.03426283435497919,-0.8811452567595206,1.0,0.8399933232755996,-0.010024076071303817,-1.0,3.035315873581581
1.0,1.0,-0.3113663286966809,0.7611413627377848,-0.5932773031142731,-0.031063354312733105,4.102406710522711
0.45713554996606903,-1.0,-0.5431497477624576,-1.0,-1.0,-1.0,8.053653400131118
0.1749416905784309,0.08036889849583145,-0.4941445233733679,-0.3600890547030988,0.09993372031972994,-0.8784198316227423,1.2520105590123798
-0.11460199806886884,-1.0,-1.0,-1.0,-1.0,-1.0,5.262417078030269
0.7605959090465945,-0.993464937715985,0.6257191276359471,-0.502959541036119,0.46310248511824736,-0.6213968674854354,3.0423687221594022
0.5072728769457019,0.747392107729888,-0.5787505460632987,0.10991252372867188,-0.026388243041304604,0.29644173900835163,0.617990230840419
0.22878588821994744,1.0,-0.28607488171187057,0.30122582973737644,1.0,1.0,6.367136031963843
-0.5563233822489927,-0.14935906018090206,-1.0,-1.0,0.16533439375757952,1.0,5.822421384012446
0.7871608867101982,0.633081453993792,1.0,-0.47539363138710955,-0.9442574033463536,0.5169232694764673,1.085963022375816
1.0,1.0,1.0,0.21914637861802988,0.4211226669005903,-0.5599343201726502,-2.1343207385322103
0.24035065632018954,-0.2396988781872903,0.5621672393011159,0.19837276416776697,-1.0,-1.0,2.969239575147675
-0.6167784242047379,-1.0,-0.5435766776094983,-1.0,-1.0,-1.0,4.690977156321988
1.0,0.7281194056431365,0.6068728182113443,0.2637870411930108,0.9492514114200434,-0.7515049640733881,-0.4968584704049588
-0.35022435789889794,0.019232130102104228,-1.0,-0.3697380408942308,-0.409277450611232,-1.0,3.928635777936429
0.7881477414823751,-0.6413368857007098,-0.2662073227542331,-0.5696443425624991,0.96803604588447,0.12145691744313009,-1.244023503012456
0.4331259430231309,-0.4130088544939988,0.31350035509443597,0.5801690420207843,-1.0,-0.033712714249966025,2.5957673693410213
0.9109230412446606,-1.0,-0.6670002820108201,-0.4456931716058664,-0.6660641280379636,0.13727105030908082,1.9910795606545892
-0.07890514739262267,0.2505264716883451,-0.7139682207044993,-0.1993655203405576,0.6633532225390575,0.5823818921265218,1.612265828521101
1.0,0.4208501688213462,1.0,1.0,-0.43285925130986824,0.7170374530899892,-0.02957105475155286
-1.0,-1.0,-1.0,-1.0,1.0,0.28578644083306093,-7.871180697773808
1.0,-0.27623367871269067,0.24156458882180853,-0.24878477675720795,-0.23852394269897115,-1.0,6.884805518824761
-1.0,-0.674741285141667,-1.0,-1.0,0.8654486659100741,0.8032070207307596,-0.0601335860246139
-1.0,0.3456726775749514,-1.0,-1.0,-0.7201812752454692,-0.45093517158157265,-0.659238934726305
0.7504563441677877,0.24692240590389292,-0.7964166989604978,1.0,0.3987635971680437,-0.6371608315978529,-1.976190718991738
-0.15576262372191396,1.0,-0.39916907478311864,1.0,-1.0,-1.0,5.661843271369375
0.5382191115314867,-0.9314958666243335,0.45538771788536136,-0.5959230256836066,-0.8842911948022885,-0.5674526429790303,7.217587822798076
-1.0,-0.5445887230575787,-0.16900695369247298,0.06957207361384976,-0.23223252486156976,-0.69801488515462,1.0948362787864288
0.1020039782408757,0.025834672696002925,0.4032917169981714,0.6637065322838083,-0.4297457080367702,-0.15276271930084648,0.8013266193097179
-0.007828598066606407,0.5719758284271909,-0.7215159033433997,-0.8162520135673617,-1.0,-0.8694833485770168,0.2330819354237087
-0.09422294257269903,-1.0,-0.6949634701540774,-0.41453779634017857,1.0,1.0,1.8353783548429154
-1.0,-0.3462815862768887,-1.0,-0.23247578255688164,0.43808121845267656,0.8015918168223647,3.534103755590322
-0.4193229270869007,1.0,1.0,1.0,-0.6222798152561884,0.14948338979633252,-3.0401411566301055
-0.18670862599361837,-0.015378382522046152,-0.45571437640562795,-1.0,1.0,-0.37098998883939055,2.8038285671702647
0.17975557575740225,0.9704729711089334,-0.2833725366787504,0.9640636872506538,-0.2760061686783669,-1.0,4.4054391390306895
0.5422080531593838,0.15942640755395265,1.0,1.0,0.8625089525063943,0.2509970414402438,-3.9237979007664867
1.0,-0.5997468016188362,0.8436361963610417,0.9100797080442735,-1.0,-1.0,10.641606663694798
0.18014712800196442,-0.6950831986306032,0.6303950742374791,1.0,-0.31012086635733427,1.0,1.8259127812598213
-0.3335867460408362,-0.25982499449806384,-0.06954556868532027,0.588041045644817,-0.06517609788634898,0.22550663366377,0.28787434960631386
-1.0,-1.0,-1.0,-1.0,-0.5424423917193315,0.31614963598250345,-5.400424863587926
0.3371707013400901,-0.3597401393403695,0.40653021921400867,0.4903521210085182,0.18300299083563154,0.858317428114082,1.074931037512368
-0.19523141425209756,-1.0,-0.04496449536378408,0.8400055116691674,0.6448763600744771,0.4410219872829726,0.26635933574123033
0.6452245767247765,-0.39704251121787104,-0.13367036997067944,0.46092829676421854,-0.991136136869416,-1.0,5.6586311483855845
-1.0,0.1433060891163906,-1.0,-1.0,1.0,1.0,10.275407171253248
-1.0,-1.0,-1.0,-1.0,0.4265130170470719,0.12274109674354383,-6.936454172604876
-0.04776655233333177,-0.6456220973062896,-0.8261794235572331,0.2835738313240072,1.0,-0.2989257690353324,-1.3065655613398859
-0.5532389875536801,-0.6453638209572137,-0.9001427449747785,-1.0,1.0,1.0,4.376710124512808
-0.2968578376209603,-0.4583264558088145,-0.625986589263992,-0.8948150610647001,-1.0,-0.8940986760977827,2.7470685961374803
0.8568916138979484,0.8117117190138403,0.5992837151230556,1.0,-1.0,-0.22861342275023255,4.41249620912052
-0.7941289871955444,-0.2646559865205955,0.06172919966634638,0.02201986950087287,-0.5614749941532946,0.15239284234884853,-1.0273617387409297
0.09278747570563078,0.546918994814151,-0.4935780054641722,1.0,-1.0,-0.19532168310941844,1.1828497519788699
-1.0,-0.4190197767126096,-1.0,-0.6874601862945591,0.727944023841668,-0.5544322396557544,-0.6173072249436218
0.37036187955344246,1.0,1.0,0.283204457940307,0.4318681181865659,-1.0,-2.166906529593376
1.0,0.5345745308267271,1.0,1.0,-1.0,-0.10159154647804414,4.352539024430477
0.9947275204753853,1.0,0.35366428884132717,1.0,-0.528803993027118,0.4959948671380803,2.8086918182075356
1.0,-0.2507482725090345,0.20632256695870693,0.4242076540332279,0.8404045919037015,0.6464741067668657,-1.5078763595381095
-0.22636839104564987,-0.384561824470638,-0.697778367301226,-0.8458126235928974,-1.0,0.4062467011339372,1.3448031158662075
1.0,0.9214796292374272,0.7531560136849786,0.40220641794005685,-0.9556890747829494,-0.7522584865475872,5.346563947160511
-0.7603500797301024,-1.0,-1.0,-1.0,1.0,0.21093669691713357,-6.063015074715695
1.0,0.8114611567722988,0.1120955950551219,0.3885820009542219,-0.4316956685693876,1.0,4.828403716284689
1.0,1.0,0.7453023302160495,0.5404756994618686,0.27064030876152845,-0.2350165287119241,-1.895862807408736
-0.4930766214056831,0.15092402366282356,-1.0,-0.8778448130755347,-1.0,-0.11443994970387678,-2.305073524667374
0.5090322904137665,0.8294183115980694,-0.19218389359169008,-0.562192043589473,1.0,1.0,5.765540842882305
1.0,0.0639641392922985,-0.4815799219628882,0.28353343501898975,-0.6501358943900557,-0.11636243073526753,2.706751024845796
-0.36591681480337246,0.3672248202944623,0.06726790035504415,0.5780246932575785,-0.0388785633073595,0.7072295698274289,0.6806731322482554
0.19366138524405974,0.9393849880005265,0.04012479141989622,-0.29434739060798637,1.0,1.0,6.09645979344627
1.0,0.8867738297423833,0.3215591978047404,0.8062476551496394,-1.0,-0.4023164813104706,5.420836695384349
-0.6219012251521365,0.11518763591432685,-0.3091679469771572,0.6992712599857938,0.8272562780800371,-0.6136411516153446,2.2534590750079357
0.9476135825171398,0.4186602651775959,0.3925915608326007,0.27820614992874704,-1.0,-0.62282600849738,6.349228052048707
1.0,1.0,1.0,1.0,-0.7281398889587878,-0.12581544484822427,2.3227735125570677
1.0,1.0,1.0,0.05413361720960519,-0.5279979609181698,1.0,-0.13544778334480567
0.43214482427264905,0.05896358427648596,0.006294788106972676,0.00705321136110626,0.15661183744929086,1.0,2.87180263230406
-0.4007771894153019,1.0,1.0,1.0,-0.8481115592204094,-0.9778356215271511,1.2666598131390208
0.8434894892821784,0.6093464919662336,1.0,-0.709362252781963,0.778067857988662,-0.4978959817325712,-1.9233003405963156
-1.0,-1.0,-0.7929021578378506,-0.12481436054748996,-1.0,-0.6012379644696837,-2.823056449520986
-0.58620847402609,-1.0,-0.657812655159608,-1.0,-0.9472282414961835,-0.23493872858699832,0.9804915263490555
-0.6873352077334043,-0.895588284642018,0.39418644551044424,-1.0,1.0,-0.2642169120564988,4.594733939610637
-1.0,-0.4270267115966988,-0.21113911977849886,-0.8411403428757998,-0.558537277082539,-0.0024599134858892674,-1.1802764899456186
-0.6307702801054121,-0.3611083472315478,0.3661643713341842,1.0,-0.7152839546693426,-1.0,1.551076268370415
-0.13227475697732777,0.7736712970237385,0.18581507689422927,0.1275435415208117,-0.7525324100367916,-1.0,0.39422663802296143
-0.6258650529149725,-0.6441623727162943,-0.881953295838749,-1.0,0.07569152838607413,0.2826261337258154,-2.381241464490819
0.38849512263439,1.0,1.0,0.8255784299662512,-0.5085094061037385,-0.8226327991928327,0.2707958628938535
-0.7220358240103646,-1.0,-0.709603806881557,-1.0,-1.0,-1.0,5.073350330950999
0.019302998268159732,0.000632382702761225,0.06103620029890744,-0.4328681702566731,-0.1476261695667367,-0.7753253803902034,2.3541735892395437
0.804247882747516,0.03095690489652997,-0.07511317540179907,-0.2669738293852887,-0.4891895205346668,1.0,4.808940382915171
-0.38670231243930697,-0.8248262565586011,-1.0,-0.4373962728082239,0.312606202635199,0.1892376887609864,-1.4069302409226514
-1.0,-0.3555727341507857,-0.7032342921257053,-0.8375306229168327,-0.08179955814840051,1.0,2.564582064063903
0.4693596042199185,-0.44043625801817604,-0.6882784814774756,0.20035162609016208,-0.9456227637604283,-0.6305312036997626,2.088631351455491
-0.651909384819519,-0.5539141059343593,-0.03892576868568809,0.7097487596056474,-1.0,-0.8648131926651756,0.1938996488296154
0.7080963563112543,-0.8119056106481725,-0.19481944935400572,0.2406522208162066,-0.558751922553357,0.29376074061091045,0.5460653760257566
0.2811435426961817,0.40111375664446985,-0.15661193487525144,1.0,0.8763836875561927,-0.8344588391998211,0.2937744246759744
1.0,0.9479306283719421,0.24692094643730658,0.040697223808578764,-0.45962082309699276,-0.012492134612483885,0.7364643515033746
-1.0,-1.0,-0.31176004051443584,-0.4804857657850703,-0.7720258625351306,-1.0,1.928455980145869
0.53396457103721,0.4513053542211467,0.1868619309434502,-0.06630960522727593,-0.13908095240950305,1.0,3.375136890643939
-0.2700908078726272,0.805740593018841,0.8800820185759898,1.0,-1.0,-0.07043641497518438,-1.2877634388504189
0.12105833392770218,-0.8628515420648596,-0.6835937824906543,-0.7239480831756993,-0.11375679955751836,-0.7565849906740624,1.7982404589236878
-0.8137705134966164,-0.48851822489070756,1.0,0.16730675643530601,-0.08425470386901307,0.7086574594403305,-2.0009280897218007
1.0,1.0,0.4293552755910106,1.0,0.3528022674020481,-1.0,3.293708973599178
-0.5204531693885612,-0.04904978820300765,-0.7696178358645911,-1.0,1.0,1.0,7.857116232079546
1.0,1.0,1.0,0.1416802362888392,-0.735173822027426,-0.10451210401448557,0.9697166889539002
1.0,-0.990481197814312,1.0,0.6191773211197644,-0.508596129462101,0.30787889775354094,4.570667502461521
-0.550553885324783,-0.9950864838849384,-1.0,0.15618044129396047,-0.12121455721147312,-1.0,1.877457577696379
-0.26545315374252043,-0.9151481088590016,-0.4367613142569019,-1.0,1.0,1.0,0.6294979588154289
-0.0760875058822445,-1.0,0.19508693929197907,-0.2769245272803431,-0.15653586711636147,-0.7723716100335174,3.63053860689648
-1.0,-0.029531975598721116,-1.0,-0.8474149151909802,0.9174229605601157,0.44456209729446805,0.67155703305006
0.7470575976283391,0.3975385135364664,-0.3079167793729699,0.4644237392150309,0.690257431482779,-0.049642040583437824,-1.3279966383289985
1.0,0.4973648396095755,-1.0,0.6361164631110701,-0.8359288057702601,-1.0,5.960307044041886
0.2032531993693485,0.2972656167855209,-0.1527974893448079,0.828321135773022,-0.49697130807278445,-0.767451354845847,2.374725101893164
-1.0,-0.8282394881298691,-1.0,-1.0,0.07790990383932117,0.7075629272263586,-3.271402239682676
1.0,-0.23587748937575315,1.0,1.0,1.0,0.27935604399749797,-6.201770454506112
-0.5250755813986101,0.5362591077584703,-0.48858988276425025,-0.7476298403095528,-0.7929338688228318,0.7453796789493499,2.962687564138564
0.7207847227566069,0.5163126707806283,1.0,0.9780919764810545,0.36765857277898595,1.0,-5.076441289091025
-0.8093516362329695,-0.24427358181183198,-1.0,0.20656982360949147,0.5478947070654061,0.30984732606756693,0.06963693587766834
1.0,-0.35080854607658696,1.0,0.577658515784836,-1.0,0.2735700274854799,3.996163485888042
0.605524315434953,-1.0,-1.0,-1.0,1.0,-1.0,-0.42128985261840507
0.08567458621156977,0.5977765256986833,-0.8008055756759866,0.9309412417199044,0.3800464408097626,-0.976992827233996,1.29451580250983
-0.1343655894030904,0.017943884065678567,0.9836285845288111,0.21315190607775503,0.25662414311869153,-0.33709001826655494,0.8660506221113098
-1.0,-1.0,-0.16622951535318897,-0.9739605527404864,0.48898616003278117,0.1882254100335646,-0.3408146429181118
0.3246994259523227,0.34790890749376546,-0.012507358873804358,1.0,-1.0,-0.7437845033072548,3.8285753079472524
-1.0,0.3344928886076909,-0.8390458130992454,1.0,-0.38852874545195937,-0.537232281434413,-0.4491741922547528
-1.0,-1.0,-0.8541587031629629,-0.20578680822272194,1.0,0.9562903266028866,2.828692815433307
-1.0,-0.6888110836743925,0.4903104999061139,-1.0,-0.6927158815765623,0.42053111298989915,-0.9681681674617713
1.0,0.9870480075141126,0.21466897722535028,1.0,-1.0,-0.9112759099206256,10.368687849325285
-0.6259165434216026,-1.0,0.2817818239690775,0.3436931639021123,-0.30476380102995076,-0.006345626556875428,0.3658556784439592
-0.6488709073245257,-0.6747487905563656,0.04883195157340903,0.8389889346737454,0.6879799451239013,1.0,4.8806324985079454
0.00653018835526975,0.16267696013123645,-0.7458218614778742,-0.6957133012043772,-0.5153874625489301,-1.0,0.8840407399799344
-1.0,0.5397931094906094,-0.8785469878051926,-1.0,0.5027099696529439,-0.06305912993348778,0.4295325503077248
-0.33581170255707404,0.6509940677890315,0.8891111167506462,-1.0,-0.08173982811510627,-0.23153943437978408,-2.4376133934950532
1.0,0.28913289225300565,0.6723943115726656,1.0,-1.0,0.3408809548319478,3.1418844460525244
0.731346530712288,0.7502908587881301,1.0,-0.07656360901828982,-0.33240297494686183,-1.0,2.0919084590597348
0.47976856718525807,0.23633759909283686,-0.4630238367452176,-0.38091140565894444,0.09055588397454217,-1.0,2.01102817106402
0.24774223816779722,-0.42556577860578254,0.2042222799303904,-0.9170911586831729,-0.9213824595630126,-1.0,5.930827788653455
-1.0,-0.9152803154633701,-0.7435444760625766,-0.384718698433666,-1.0,-0.7548550690544715,-0.17488441864404025
0.17813372920939752,0.6716667014149376,1.0,-0.23753282807088938,1.0,0.5847968278193645,-1.2749681463957883
0.3084968736779954,-0.35695508125807646,0.6894741731155728,0.48050741236199834,-0.7599708226883575,-0.2380080896552954,1.0423125264753268
0.7504983748170633,1.0,0.902437218205316,1.0,1.0,-0.5543657271125467,-4.947945201513091
-1.0,0.3748927363219401,0.07117907062421602,-0.09410479444483222,0.20087050697365427,0.5672194207232508,0.1983870297974108
-0.4323995081442317,1.0,-0.09608575796568669,0.03687978375449419,-0.39568034085023784,-0.4230008473359581,-0.7267924787482474
-1.0,0.0355860092424205,-0.6549002724701135,1.0,-1.0,-0.46274331358560317,-1.6748023888657042
0.9273514061872534,0.7626924227924696,0.9336798511974566,0.3030324617823077,0.43162572291035367,-0.6138231659714426,-0.8630142466073809
0.41886903690002547,0.3447284864957988,-1.0,-0.584282803286812,0.5664459971433887,-0.1331202982984863,-1.7646364720198178
-1.0,-0.5285541192205971,-0.9335702670750358,-0.09467053712560203,-0.6350256264775218,0.9289030181682175,2.2099214078967573
0.7701211832956679,0.29517769761814894,1.0,-0.1944919061821161,-1.0,-0.04463309485783262,2.340347240806777
-0.06379040993776086,-0.25445920267844274,-0.8827556577118904,-0.8918312596598195,-0.46466901698351637,0.9923056810370929,5.1559555191299715
1.0,0.7194649725748559,0.15503006314979914,0.8213379173395913,0.20042255540397358,1.0,2.120755262810005
-0.8246029648526786,-0.5599175556203452,-1.0,-0.7687172905387296,0.14963399454175574,1.0,3.6416423071599526
-1.0,0.057912013456169004,-1.0,-1.0,-0.6695579499895279,0.08439053828298293,-1.7425355075212854
-0.2478354668690067,-0.579225238697567,0.12945977473529247,0.8012999404425935,-1.0,-0.8618237892215981,1.9353167221983343
-1.0,0.027464223201152604,-0.9062377392014849,-0.5178070358653186,0.897585830743282,0.760338765763795,5.021406401459773
-1.0,-1.0,-1.0,-0.6072862642602161,-0.21328164045050713,-0.5447752628764829,-2.3003050774305995
0.1461341851541001,-0.7127532120755083,-0.671820382004978,-0.030538581449209345,-0.18846093823326615,-0.6962949743079813,0.8971000671259346
-0.030827903852749246,-1.0,-0.3178148207167614,0.14602488376278228,1.0,1.0,2.628499008475198
1.0,0.8503842542229278,1.0,0.5840247291955083,-0.6911043178863536,-0.1676921587969804,2.0217287518104397
-0.17833862802265754,0.21175045956899163,0.687305533801025,0.17097592170249376,0.15288272968797556,1.0,0.599856177371213
0.0033820544996249202,-0.44715273334799455,-1.0,0.24338694638174174,-1.0,-1.0,2.018728952034191
-1.0,-0.3680581088292687,-1.0,-0.09750611124315034,-0.15410205395548454,-0.86988642884738,4.560436645068528
0.09323230413882189,0.5074292126818474,1.0,0.32762438184884357,0.9702361207338157,1.0,-1.1526322013290824
1.0,-0.30646274624692427,1.0,-0.41696443659503996,-0.14481772931580375,-0.6365826470530639,2.971783867285887
-0.2576507368718022,-1.0,-0.44698845049153885,-1.0,-0.029069994715154923,-0.7340318058768858,2.4683185108521495
-1.0,-1.0,-1.0,-0.6792254798902566,0.6583632016101334,-0.12452087965274286,-5.358204721927267
1.0,1.0,1.0,0.7518078267147501,0.22037895127905632,-0.060324547533463696,-3.735732143512655
-0.26379211544705516,-0.08016580333555923,-1.0,-0.5074372713939477,-0.7318382861759248,-0.2787099702488758,-1.3557578500075604
-1.0,-0.7566070822956984,0.14291827701397003,-0.7745541767396611,1.0,0.33819087758732436,2.257749222928727
-0.509364840668411,1.0,1.0,1.0,-1.0,0.8020240012216475,-7.3160904399630295
1.0,0.5946884649254962,1.0,-0.86144457290393,-1.0,0.43240650351548,3.6549662034288724
-1.0,-0.8370718976663223,-0.2420404246193888,-1.0,0.24990631994784585,-0.02381165443660333,-1.116890111879999
1.0,0.17045156628730873,0.6631339778703746,0.3021089721579766,-0.4728159836136857,-0.5913695616415773,3.7566765650135903
-1.0,-0.538007273660827,-1.0,-1.0,-0.9331754418058951,-0.1640026220381478,-0.970257231888294
0.5309190596575957,-0.18800581056820231,0.0023370428222718176,-0.19672872592137314,-1.0,0.7647389902134356,3.2657409452889254
0.5700869356785185,-0.8041643404670233,-0.27294421307603345,0.4288743292821098,0.5957665903356162,-0.5726742522233852,0.7511359656481414
-1.0,-0.0312583507308653,1.0,-0.16920671460428682,-0.4009691881057965,-0.8933147765695346,1.9156286946512546
-1.0,-1.0,-0.5503461979746566,-0.25406430681932224,-0.3480322002150212,-0.2897422097882579,-1.697599596995423
0.17401880144225013,-0.9280127870451278,-1.0,-0.41756452081612555,-1.0,0.45028694030431937,0.2073083736663428
0.8497330951765764,1.0,-0.1649932108521358,1.0,0.7185312423553974,-0.38941721042706645,-0.5600940878316729
-0.06437844142811577,-0.8352461304050636,-1.0,-0.20284506058964014,0.026289735505434564,0.29426090818445205,-1.6494524688423764
-0.5544589853447448,-1.0,-0.9938794060849317,-0.8657990770330881,1.0,0.4774202177851685,-4.424731999677795
-0.9288134476581075,0.5440407078768673,-0.14470861004548097,-0.6320497160394416,-1.0,-1.0,-2.7708741331236757
-1.0,-1.0,1.0,-0.44568213341284746,-1.0,0.8104212784059395,-3.432501807650798
-0.4632714501040067,-1.0,-0.8313500367448621,-0.4149662303657612,-1.0,-0.5896222610132826,-0.9165903775974921
-1.0,-1.0,-0.8529771516543274,-0.5947528818234007,1.0,0.7559585364067416,-1.859829732726604
0.3216886675407787,-0.11304186065904687,0.8067897585503394,0.8070636125080648,-0.48605220441382574,-0.053378777160183744,-0.39483889814783835
1.0,0.9914172842977498,1.0,0.6474713614082275,1.0,-1.0,-4.292781808257654
-0.5237235514185753,-0.29786681531124576,-1.0,-0.876530647109471,1.0,-1.0,5.463313718989509
0.5397959564300737,0.007836920700268923,-0.1012542848831649,-0.691199939967946,1.0,1.0,2.9001103785342486
-0.25485487573465637,1.0,-0.03369791425338903,0.9241724315946276,0.30135404070228655,0.6045680158412907,-0.4496804270583733
1.0,1.0,1.0,1.0,-0.3971727357857329,1.0,-2.353639480995057
0.6296492359298044,1.0,-0.3164434048401313,-0.9465021750074673,1.0,-0.8705237672160686,0.11235134732486785
-0.7595107673264359,-1.0,-1.0,-1.0,-1.0,-1.0,6.134855686944438
-1.0,-0.5368776459629383,-1.0,0.10480034545700201,-1.0,-1.0,0.7844776203170392
1.0,1.0,1.0,1.0,0.3723110003780652,0.08181667323527664,-4.98199531308784
-0.6407470176332968,0.3880531462150759,-0.8133792185797702,0.31438267496443784,-1.0,0.2616438048780339,-1.8954682653769273
-1.0,-1.0,-1.0,-1.0,-0.5681079956970103,-0.5969487668793882,-1.842113904648059
-0.6977764260174264,0.49283042891230333,-1.0,-0.27894751797524453,1.0,0.9123020188063525,9.963949740189479
0.582135091493344,0.10776624893537223,0.0072115128539657625,-0.5716881634958315,-1.0,-1.0,3.567090604727248
-0.47821265581885963,-0.7078013809630931,-0.6108534558167844,-0.6170063385619735,0.37820513185517357,0.800239433178205,0.271364308687326
-0.07515625976857132,1.0,1.0,-0.4346508221312473,0.0588400219270504,0.8535533108721998,-1.9158830314147377
-1.0,-1.0,-0.6561399834606292,-1.0,-0.4195207703284579,-0.25928740707668707,-3.91796193700305
-1.0,-1.0,-0.4392988487421918,-1.0,-0.4792170951690985,-0.6721359020565637,1.6643665066418747
-1.0,-1.0,-0.20870910172905233,-0.8439776465340144,0.3211061956031783,0.7828232384439053,-1.349528115385979
1.0,-0.06793301400966867,0.09971183256881377,1.0,0.857273772955918,-0.16545331602517166,-1.5577933748531119
-0.9400745844881457,-1.0,-1.0,1.0,-0.3985139127840962,-1.0,-1.2726415822141446
1.0,0.1198024847551643,0.5897169703793426,0.11743388199786978,1.0,1.0,-2.423655813648776
-1.0,-0.8160709012859885,-0.09652533991026802,-1.0,-0.9743273777917336,-0.45088386541608894,1.8983450597047469
1.0,-0.42803101365754315,1.0,0.23126028358422,0.06994390633399078,0.654494704258952,-2.1364967896993132
0.5389461181668789,-0.16311864123266606,0.6302669073026562,-0.49066666723091756,-0.5849246776451805,0.4778124370413862,0.9728190596846913
-0.16339992372447654,0.7262581213074334,0.25935611419428845,0.8964905718071099,0.999275217281573,-1.0,1.4457814229955257
0.7155725727733594,0.37350651347319647,-0.010044480509139142,0.3560988809884782,0.03691591289464835,-1.0,4.264971457601237
1.0,0.6669764106918592,0.2599805439896283,0.9995485945028525,-0.707848530252734,-1.0,9.083225651910348
-0.12731948473864674,-1.0,0.7058863948327033,-0.5281702970417863,-1.0,-1.0,6.855893702461814
-1.0,0.5999972355086909,0.7976958085502043,0.7291698392448555,0.3180433616820795,-1.0,2.6545375728928944
-0.8854632328997634,-1.0,-1.0,-0.4099457629272596,-0.3159267372324588,-0.657940657815399,-1.7331068420903317
0.626245399584032,0.6201272298909946,1.0,1.0,0.3104909753257781,1.0,-5.027607111265069
-1.0,-0.23088857720346667,-1.0,0.24521699400582497,-0.055575808667027715,-1.0,6.0449345251642805
1.0,-0.615851357675123,-0.3168034170315509,0.9015169122437087,1.0,0.8977760292492962,0.2803537076230997
-0.7700579832950522,-1.0,-0.5384951151516584,-1.0,-0.09253788895806836,-0.516452191156169,-0.9726372955911038
1.0,1.0,0.004141133471231129,-0.4036998482220229,1.0,0.9505414962458936,3.447504176229359
-0.8836665807236521,-1.0,-1.0,-0.6877635420518995,0.6044493454929706,-1.0,3.0729129633202454
1.0,1.0,0.3286517426417104,1.0,-1.0,-0.3011864941317205,5.688101544752347
0.0026973373210997797,-1.0,-0.5809989716896791,-1.0,-0.8114000829188295,-0.5388843846543173,4.044731781360307
0.49748840284270146,0.9672550173339671,0.6073360418300136,0.12414278023760761,0.9098352793798123,1.0,1.2767958624232545
-0.15987346203229413,-0.21281215583596505,1.0,0.19364723233017955,-0.450290213170794,-1.0,1.1574702055666242
0.7373611766261258,-0.13044202595695345,1.0,0.55411988804154,0.9944542059517936,1.0,-3.6456664160598056
-0.8199970795472749,-1.0,-0.6718701010900514,-1.0,1.0,-0.16490970861232546,-2.1639835469460595
-0.7588019302788094,-0.6482450235625788,-0.23281399192496588,-1.0,0.7361342298895579,1.0,1.8874563161885858
0.5620352509837943,-0.24699528864608294,-0.37036673977342127,-0.8877051739039563,0.3442907369602155,0.821080083300105,0.11135257587080416
0.48067346950158474,-0.15649292573852097,-0.8602943762279234,1.0,0.11631324287132783,0.2519646147388822,-1.6131469087144197
-0.13336015669480206,-0.6406901592891423,0.8970410695646452,-0.1392676554180356,-0.6352147165768658,-0.4678481968124817,1.3084010671736552
0.7873870732926227,-0.30601442272439366,0.024727451345636142,1.0,1.0,1.0,2.205971514474278
0.2011402474000747,-0.4978924075115757,1.0,-1.0,0.6545308077776616,0.20439448255400028,-2.6979071631054703
-1.0,-0.02102274065303167,-0.16922945108552034,-0.9601007749433901,-1.0,-0.5272613766891787,-0.3628341485239936
1.0,0.7005504543074353,0.22132577062162417,0.4247854939098956,0.249161579397008,0.7431095162763106,0.6404030737617388
0.6419990018844561,-0.4884594793023429,1.0,0.1949269421916594,1.0,0.9746609484924531,-3.881034946583934
0.36109870055747895,-0.37045761821809076,-0.31446108039882015,-0.5647305690914828,0.7873187463642008,1.0,2.8673635024851865
-0.4470293936255524,-0.648813839488844,-0.893165426179797,-0.1417868719580827,-0.6420152727961528,-0.006688193583877733,-0.9905877634676897
-0.5933599555874456,-0.8215700705282002,-1.0,-0.7615528443320075,0.24837237774313914,-0.6538474740975098,-0.41514922032165824
0.2917142105354903,0.26426591098932506,1.0,0.4103119914312858,-0.19191859719294563,-1.0,2.8576854758049475
0.3845472082971705,1.0,-0.050193687072599885,0.036828185940105396,0.9551720648088977,1.0,5.51177608896039
1.0,0.8639378185494571,0.8338420429870393,1.0,0.9210945815759805,-0.06845461589413432,-5.657453763446317
0.17797234612543714,-0.11168924701985797,1.0,-0.3811143250648399,-0.705775037237047,-0.2636883403436062,1.0640941253230078
-0.28072264954314097,-1.0,-0.10498754858726797,-0.720474971072286,0.3808842903807189,1.0,0.4334203589854583
-1.0,-0.42106159766115037,-0.21217282696615158,6.293041292843027e-05,1.0,0.4651557519151188,2.826296623705502
1.0,1.0,1.0,1.0,-0.14424622400611728,-0.8355118624006455,2.32096192693634
0.06242749072588982,-1.0,0.43751154837392686,0.22676878572316717,1.0,0.09505474229097732,1.3949410206892816
0.45920757898807774,-0.8389788541683106,0.4161069247265663,-1.0,-0.28832186372354185,0.9502065117651308,2.064436056695361
0.32315443521827303,-0.8403326060096166,-0.735813521656122,0.1710724422382015,-0.07967319252057871,1.0,2.592178161987835
1.0,0.1838687415954856,1.0,1.0,-1.0,0.9553216730706848,2.2299648449720335
-1.0,-0.32602770959690264,-1.0,-0.24064221925711682,0.08165344978179201,-1.0,5.430104333869224
-0.49039078350230825,-1.0,-0.6551262883554289,-1.0,0.8811132232950805,-0.15444065710372978,-1.6076662828240014
0.40315256182717685,0.24594943603956299,0.19511069507609252,0.7026721057292674,-0.15467868366618254,0.38683352225857554,0.48523976939275815
0.9750137938136992,0.5382073423414642,-0.44078443538550205,0.6985581509933709,1.0,-1.0,-0.7335373522018215
-0.2865874863921267,-0.582047203296427,0.429448893662704,-0.1926518355750308,-0.3797946053791535,0.4366418990229909,-0.06562859419729272
-0.5295199776624274,-1.0,-1.0,-0.45275934380554994,0.7300087552102008,1.0,2.889721808763273
0.49778994518113096,0.047896401129108535,0.3330869978295026,1.0,1.0,-0.7372660387539837,-0.46711782649546907
-1.0,-1.0,0.6633813553160781,-0.43938012039658875,1.0,1.0,1.4412068467549832
-0.2968344405443295,-1.0,-0.6265095894855603,-1.0,-1.0,-1.0,6.411323596980219
1.0,-0.890827415469115,-1.0,-0.8005617342023287,0.22904002088498648,-0.21045625870869222,-0.6684881154982126
0.524457647107391,0.5509460415284089,-0.4875304891069777,-0.7233335535544683,-1.0,0.4225085610001942,4.529365267898394
-0.5216069144578761,0.556793148901479,-0.19579332865334076,-1.0,1.0,0.5930436435484537,5.354760103355846
-1.0,-1.0,-1.0,0.1871189232474536,-0.8623900719162928,0.30375726438741424,-6.402231006013304
1.0,0.637542716825565,1.0,0.5801944901511711,0.5048413933197051,0.40088102278774285,-4.220590267105044
0.19149546939484963,1.0,0.2544381378809084,0.7130773739489873,-0.8738756603602793,1.0,3.3122316677749835
-0.630751622398018,-1.0,-1.0,0.15621768135570935,0.8719898239399553,0.010374150649398173,-3.2265188479027107
-0.06311750415916229,-0.6168800939589958,-1.0,-1.0,1.0,0.8209759342407521,0.6459041609948291
-0.5596525211197596,-1.0,-1.0,-1.0,1.0,0.6921239294257195,-5.095156051653265
-1.0,-1.0,-0.5166182229612475,0.2827099173015778,-0.15410513559821393,-0.6885121672958677,-0.505791413469354
0.8740950537754602,1.0,-0.1924838159026161,-0.6714199961415064,-0.5955517106927328,-0.5266996918110628,3.2198633977965025
-1.0,-0.769480423948072,-0.02527659040636654,-1.0,-0.014195219108700474,-0.7679088636354436,2.2751587257341512
-0.11730987476456584,-1.0,-0.2060778928901602,-0.15784813718959811,0.8130114905874719,0.9044093635157153,1.6657854025858128
-0.514098763600823,0.4128332751439226,-0.8127271612915465,0.8966057829099962,-0.17943380455070398,0.8344916604634126,2.6932579278934394
1.0,-0.18614110815083135,0.5095126067990684,0.3338654368058286,0.11627820113136123,0.5763412525338938,0.887157483087425
1.0,-0.1958746953090127,-0.9883513188761981,-0.9230444567409906,-1.0,-0.6061436306554183,6.476519418698219
0.12649748465644345,0.1301700665611465,-0.65825814685974,1.0,-0.06354878000801722,-0.9059503939699647,0.4997710917099504
0.14433553914104025,-0.03166984570007078,-0.1572312103215261,-1.0,1.0,1.0,6.6090237184517795
0.7315071175154864,-1.0,0.7004009335217449,0.09340346241699654,1.0,0.8692861331902466,-1.651605430209215
1.0,-0.04095219383622489,0.03818557569277237,0.045415548740071365,-0.36350506376068803,0.48957085127529243,1.0656549775601778
-0.07191966021680468,-0.08651211715402855,0.09555774216044421,0.9066045228562556,-0.382802625742347,-1.0,2.5495475081184953
0.14443605367391954,1.0,0.6452449362097384,0.822543018050506,1.0,1.0,-1.053225636723795
-0.9184419850381512,-0.1705903504930246,0.4284202026250068,-0.758341345415768,1.0,1.0,3.5241689502901252
0.6417725965668075,1.0,0.0010575035384843279,1.0,0.11564461296481388,-0.4309392777236746,1.4046695820756405
-0.8284951408570476,1.0,0.11396791053499172,-0.7249176563080287,0.3235893471464044,1.0,3.04114557488189
-1.0,-0.5434777763626775,-1.0,-1.0,1.0,-0.4500277252321312,-0.7300803879007742
0.3791781385431383,1.0,1.0,1.0,-0.14259465560536683,0.011300432197262622,-3.5304201735495324
0.09430399539054607,0.03801546518331653,-0.4431882577273185,1.0,0.6318905457765499,0.0892361781956148,0.21587996343793098
-0.7670610815963923,0.8699373565851923,-1.0,-0.4238723316148641,-1.0,-0.1746809374050033,-1.9360483649799831
-0.1633203194705411,1.0,0.7882815531346544,1.0,-0.9677145355510124,-1.0,1.7952899624612968
0.8636694031719772,1.0,0.7694111293307958,-0.8769039855390106,1.0,0.28833765305092485,-1.434899584438401
-0.3192842040322555,-1.0,-1.0,0.06022667723580599,0.831818652502969,1.0,4.040070604139849
0.1515789467684621,-1.0,-0.11365982260017582,-0.4437167276413107,-0.3572082083453861,0.6607702300836876,0.09989253404258544
0.07875082373584652,1.0,-0.42950344108696614,-0.6311372294994705,0.2325322101566809,-0.297605834768649,0.09847546794297296
-1.0,-1.0,-0.7707193568821071,-1.0,-0.8189658427551914,0.17190518542705913,-2.213981554560972
0.41902608522348017,0.7711842466006107,-0.25595135084336534,1.0,0.6113375579285689,0.5611924968382491,-0.30029390528194716
0.7315848577450439,0.4065682275423894,1.0,-0.15452399227255048,-0.8327616689041595,-0.7743768083564877,2.938628581274544
-1.0,-1.0,-0.06561363538401688,-0.7663298747277902,0.9736873251411605,0.11615774996738337,2.6140833279023084
0.26803321263687574,-0.4658945297301169,0.08986929052514786,0.11754063787315294,-0.274467199872798,0.5132493215429865,0.4308323089593735
0.501967081363188,-0.21530348083874906,-0.34324623269871923,0.1537877719245001,-0.7184378120727483,-0.8052488766045148,2.415502254891299
0.5427067966779755,1.0,0.5555191382807841,1.0,0.1008933651332653,1.0,-1.0977314264127394
-0.05412193505265925,0.733386710387553,-0.3946187253744972,-1.0,-1.0,0.03626227680100291,3.8199254948315446
-0.29740524728139484,-0.7485847026822838,-0.9136314881468128,-1.0,0.5730826440307438,-1.0,3.7041711818576255
1.0,0.4109904167799372,-0.14670089640916717,1.0,-0.8289544657619359,0.06717736008856798,3.1194436902571887
0.9415056099180906,-0.45197803924695945,-0.1659072640086111,-1.0,-0.1336702756298832,0.2315011403961434,0.20889141651014437
-0.749205030992675,0.27577389572759514,1.0,-0.018444271490233505,-0.04162595548779047,1.0,-2.049482634942655
0.10535933587799517,0.05215518064017427,-0.517052519985655,-1.0,-1.0,-0.3650630677113065,0.9808385348796145
1.0,1.0,0.2626230577918075,-0.08249280608436715,-0.39657450134797484,0.4762158453059272,0.7919755755315214
-1.0,-1.0,-0.260106196445123,-1.0,-0.17410359898770555,-0.47188582211279634,0.06391438042479057
-1.0,-1.0,-1.0,-1.0,1.0,0.7985416628723268,-4.180788295142218
-0.054716464185704194,-0.8280738863464437,-1.0,-0.17129338190526722,-0.010270283557617249,-0.9169821089014696,2.9496045151824406
-1.0,-1.0,-0.5455474838802437,-1.0,0.23919506021499676,-0.7448081445760744,0.7965382378051662
0.5855282409026281,1.0,0.9381584542700372,0.25212790359193504,-0.5519941880763396,0.44185184205758427,-0.976816902113016
-0.04492899485933899,-1.0,-0.7513266561750445,-0.5844499018322007,1.0,-0.4420936739652127,-2.0437799304229514
0.3069562643978534,0.013608576613783452,1.0,0.026613605668617923,1.0,1.0,-1.4430818711903957
-1.0,0.4827689032785125,-0.7882092182390226,-1.0,-1.0,-0.38526637094952254,-0.6034944661480542
0.6960210143722769,-0.0813620163668477,1.0,0.2703057629423655,1.0,0.584751857434407,-3.8934830457608784
-1.0,-0.325724277089691,0.006116808953281538,-0.13909473877567474,-0.13017031603197027,0.5412500963167426,-1.11678519548774
-0.6629946043702499,-0.7838482403584379,0.14823455205478764,-1.0,-0.060766805268893886,-1.0,3.9052149505031934
-0.8809144146653101,0.4789520885762659,-0.5089366941414255,-0.2980233746372467,0.5657347514649047,0.3058098066833652,1.8138543831427214
0.5336803654984645,0.6420119064605856,0.5135273663122273,0.04782870462223543,-1.0,-1.0,3.306282474465559
1.0,1.0,0.053527073151291515,0.6803245937731424,0.39762709328698187,-0.3630365299991751,0.43414297056996876
0.4106953572434622,-0.5244930017466789,0.6807400280631524,0.2581191591119567,1.0,1.0,-0.013702937015532296
-0.11290775554286137,-1.0,-1.0,-0.9492349005055969,-1.0,1.0,6.621451584660452
0.8960931274325892,1.0,0.5604006799537053,0.6522387513352219,1.0,1.0,-2.157251635584782
0.36144484366577556,0.7619129163100098,1.0,0.8624033932783739,0.19034157882203662,0.479229276202036,-3.655546193835785
0.8707357324629336,-0.4685168564460066,0.020652383542981545,1.0,0.26543842393665545,0.4285239092478994,-1.6931842049378554
0.6564866568368509,0.45479535638921575,1.0,1.0,-0.2586294660762005,-0.38897606106088023,1.1435233093110049
-0.613259985187895,0.11209868447891291,-0.17972708461349451,-0.987348001912902,-1.0,-0.174254489595018,0.6893422680721775
1.0,1.0,1.0,1.0,-0.15825752305174334,-0.8491750269751301,2.165024065470643
